,Loc1A,Loc1B,Loc2A,Loc2B,Loc3A,Loc3B,Loc4A,Loc4B,Loc5A,Loc5B,Loc6A,Loc6B,Loc7A,Loc7B,Loc8A,Loc8B,Loc9A,Loc9B,Loc10A,Loc10B
1,158,170,143,146,112,112,190,190,150,154,208,212,235,235,148,148,167,167,142,146
2,158,160,143,146,112,112,181,190,150,152,200,212,233,235,148,148,157,167,146,146
3,158,160,146,146,112,112,181,190,152,152,200,200,233,235,148,157,176,176,142,142
4,160,170,143,146,110,112,190,190,150,154,208,212,233,235,148,148,167,167,142,146
5,158,168,143,146,112,112,181,181,152,156,200,206,233,233,148,148,157,167,142,146
6,160,170,143,146,110,112,181,190,154,154,200,200,231,231,136,148,167,176,142,146
7,160,170,143,146,110,112,181,190,150,154,200,200,231,231,136,148,167,176,142,146
8,168,170,146,146,110,112,184,190,154,154,200,210,231,231,148,157,167,167,142,146
9,168,168,143,146,112,112,184,190,152,152,208,210,231,231,148,154,167,167,142,142
10,158,170,143,146,110,110,181,181,152,152,200,202,233,235,136,148,167,176,142,146
11,158,170,143,146,110,112,181,181,152,152,200,208,233,235,136,148,167,176,142,146
12,158,158,143,146,112,112,181,181,152,152,202,204,231,233,154,154,167,176,146,146
13,160,160,143,143,112,112,181,190,152,152,200,200,231,233,136,148,167,176,146,146
14,168,170,143,146,112,112,184,190,152,152,208,210,231,231,148,148,167,167,138,142
15,158,170,143,146,110,110,181,181,152,152,200,202,233,235,148,154,167,176,142,146
16,158,168,146,146,110,112,187,193,152,158,200,202,233,235,136,148,167,167,146,146
17,158,170,143,146,112,112,181,190,134,152,202,206,233,233,148,148,157,176,138,146
18,158,158,143,146,112,112,190,190,150,154,202,208,231,233,148,154,167,167,146,146
19,158,160,146,155,110,112,181,181,134,150,208,208,233,235,136,136,167,167,146,146
20,158,158,143,146,112,112,190,190,134,152,200,202,233,233,136,148,167,167,142,146
21,158,158,146,146,112,112,181,181,152,156,206,208,233,233,148,154,167,167,146,146
22,158,170,143,146,110,112,181,181,152,152,200,208,233,235,136,148,167,167,142,146
23,158,168,143,146,112,112,181,181,152,152,206,208,233,233,148,148,157,167,142,146
24,158,170,143,146,110,110,181,181,152,152,200,202,233,235,136,148,167,176,142,146
25,158,168,146,146,112,112,181,181,152,152,200,206,233,233,148,148,157,167,146,146
26,158,158,143,146,112,112,181,181,152,152,206,208,233,233,148,148,157,167,146,146
27,158,170,131,146,112,112,181,181,150,152,200,206,235,235,139,148,167,167,142,146
28,160,168,143,146,112,112,181,190,150,152,200,212,233,235,148,154,157,167,146,146
29,158,170,143,146,110,112,181,181,152,152,200,208,233,235,136,148,167,176,142,146
30,168,170,146,146,112,112,181,193,156,158,200,200,233,235,148,148,167,176,142,146
31,168,170,146,146,112,112,181,181,156,158,200,200,235,235,148,148,167,176,142,146
32,166,170,143,146,110,110,181,181,134,152,192,200,231,233,136,154,157,167,146,146
33,158,158,143,146,112,112,181,181,152,156,200,206,233,233,148,154,157,167,142,146
34,158,158,143,146,112,112,181,181,152,152,200,206,233,233,148,154,157,167,146,146
35,158,160,146,146,112,112,190,190,150,152,200,202,233,233,148,154,167,176,130,146
36,158,170,143,146,110,112,181,190,152,154,208,208,235,235,148,148,167,167,142,146
37,170,170,146,146,112,112,181,181,152,156,200,200,233,235,148,148,167,167,138,146
38,158,170,143,146,110,112,181,181,152,152,200,208,233,235,136,148,167,167,142,146
39,166,170,143,146,110,112,181,181,152,156,200,202,231,233,136,148,157,167,146,146
40,166,170,143,146,110,112,181,181,152,156,192,200,233,233,136,148,157,167,146,146
41,160,160,143,146,112,112,181,190,152,154,202,202,231,231,148,157,167,167,146,146
42,158,158,143,146,112,112,181,181,152,152,206,208,233,233,148,148,157,167,142,146
43,158,168,146,146,112,112,181,181,152,156,206,208,233,233,148,148,167,167,142,146
44,158,158,146,146,112,112,181,181,152,152,206,208,233,233,148,148,167,167,146,146
45,158,170,143,146,112,112,190,190,154,154,202,208,231,233,136,148,167,167,146,146
46,158,168,143,143,110,112,181,184,134,152,200,208,233,233,136,148,176,176,138,146
47,158,158,143,146,110,112,181,181,152,152,204,208,231,233,136,154,167,176,146,146
48,168,170,143,146,112,112,181,184,152,152,208,210,231,231,148,148,167,167,142,142
49,158,170,143,149,112,112,181,190,152,156,200,202,233,235,136,148,157,167,142,142
50,158,168,143,146,112,112,181,181,152,152,206,208,233,233,148,154,157,167,146,146
51,158,170,143,149,112,112,190,190,150,152,200,202,233,235,148,148,157,167,142,142
52,158,170,143,149,112,112,181,190,152,156,202,210,233,235,136,148,157,167,142,142
53,160,168,143,146,112,114,190,190,150,156,200,208,233,235,136,148,167,167,142,146
54,158,158,146,146,112,112,181,181,152,156,206,208,233,233,148,148,167,167,146,146
55,158,158,143,146,112,112,181,181,152,156,206,208,233,233,148,148,157,167,146,146
56,160,160,143,146,110,112,181,190,152,152,200,206,233,235,136,148,167,176,146,146
57,160,160,143,146,112,112,181,181,150,152,200,208,233,235,148,148,167,176,138,146
58,160,170,146,146,112,112,190,190,150,152,192,208,233,235,136,148,167,176,142,146
59,160,160,146,146,112,112,181,181,152,152,200,200,235,235,136,148,176,176,142,142
60,158,170,146,146,112,112,181,181,152,152,208,210,233,235,148,148,167,176,142,142
61,160,168,146,155,110,110,181,190,134,158,200,206,235,235,136,148,167,167,138,146
62,158,160,146,146,112,112,181,181,152,152,200,206,235,235,136,148,176,176,142,142
63,158,160,143,146,112,112,187,190,154,156,206,206,231,233,136,148,167,176,138,146
64,160,160,143,146,112,112,181,184,152,158,200,206,235,235,136,136,167,176,146,146
65,158,160,146,146,112,112,181,190,152,154,202,202,235,235,148,148,167,167,146,146
66,160,168,146,146,110,112,181,181,154,158,200,202,235,235,148,148,167,167,142,146
67,160,170,143,146,110,112,181,190,154,154,202,208,233,235,148,157,157,176,142,146
68,158,168,146,146,112,112,181,181,152,156,200,206,233,233,148,148,167,167,146,146
69,168,170,143,146,112,112,181,184,152,152,202,208,231,231,148,148,167,167,138,142
70,158,160,131,146,112,112,190,190,152,154,198,208,231,233,136,148,167,167,146,146
71,158,158,143,146,112,112,181,181,152,156,206,208,233,233,148,148,157,167,142,146
72,168,170,146,146,110,112,181,190,150,154,200,200,231,231,148,157,167,167,142,146
73,158,158,143,146,112,112,181,181,150,152,200,200,235,235,139,148,167,167,142,146
74,160,168,146,146,112,112,181,181,152,152,202,208,233,235,136,148,167,167,142,146
75,158,158,143,146,112,112,181,181,152,152,200,206,233,233,148,154,157,167,146,146
76,170,170,146,146,112,112,181,190,150,152,204,214,233,235,148,148,167,167,138,146
77,168,170,143,146,112,112,190,190,152,152,208,210,235,235,136,148,167,179,142,142
78,160,168,146,146,110,114,187,190,150,156,200,208,233,233,136,136,167,167,138,146
79,158,158,143,146,112,112,181,181,152,156,200,206,233,233,148,154,157,167,146,146
80,158,170,143,146,110,110,181,181,152,152,200,202,233,235,148,154,167,167,142,146
81,170,170,146,146,112,112,181,181,150,152,200,214,233,235,148,148,-9,-9,138,146
82,158,160,146,146,110,112,181,190,150,152,200,212,233,235,148,154,167,176,146,146
83,158,168,146,146,112,112,181,181,152,152,206,208,233,233,148,148,167,167,146,146
84,160,170,143,146,110,112,181,190,150,154,200,200,231,235,136,148,167,176,142,146
85,158,170,143,146,112,112,181,187,154,156,206,206,231,233,148,148,167,176,138,146
86,158,168,143,146,112,112,181,181,152,152,206,208,233,233,148,154,157,167,142,146
87,168,170,146,146,112,112,181,181,152,158,200,200,235,235,148,148,167,176,142,146
88,168,170,143,146,112,112,184,190,152,152,208,210,231,231,148,154,167,167,138,142
89,160,168,146,146,112,112,190,190,152,152,200,208,235,235,136,148,167,179,142,142
90,158,160,146,146,112,112,181,190,152,152,208,212,233,235,148,154,157,167,146,146
91,168,170,146,155,110,112,181,190,150,152,200,212,233,235,148,148,157,167,146,146
92,168,170,146,155,110,114,181,190,150,150,200,208,233,233,148,154,157,176,146,146
93,158,158,146,146,112,112,181,181,152,156,208,212,233,235,148,148,157,167,146,146
94,168,170,143,146,110,112,181,190,150,154,200,202,233,235,148,154,167,167,142,146
95,160,168,143,146,112,114,187,190,150,152,202,206,233,233,136,136,167,179,146,146
96,160,170,143,146,112,112,184,187,150,152,200,208,233,235,136,148,167,167,142,146
97,158,160,146,155,110,112,181,190,134,154,206,208,231,233,148,148,167,167,142,146
98,168,170,143,146,110,112,181,190,154,154,206,212,233,235,136,136,167,167,142,142
99,158,160,143,146,112,112,181,190,150,154,206,208,233,233,148,154,167,167,146,146
100,158,170,143,146,112,112,181,181,152,154,200,202,233,235,148,154,167,167,142,146
101,158,160,143,146,112,112,181,190,150,152,202,208,231,233,148,154,167,176,146,146
102,160,160,143,146,112,112,181,181,152,152,206,208,233,233,148,148,157,167,146,146
103,158,170,143,146,110,110,181,181,152,152,200,200,233,235,148,148,167,176,142,146
104,168,170,146,146,112,112,181,181,152,158,200,206,233,233,148,148,157,167,146,146
105,160,168,146,146,112,112,181,181,154,154,202,206,233,235,148,154,167,176,130,146
106,158,158,146,155,112,112,181,181,154,154,200,208,233,235,136,148,167,167,142,146
107,160,160,146,146,112,112,181,181,152,152,208,208,235,235,148,148,167,176,142,146
108,158,160,143,143,112,112,181,181,150,154,200,210,233,233,148,148,167,167,142,142
109,158,158,146,146,112,112,181,190,152,156,200,200,235,235,136,136,167,167,146,146
110,158,168,143,146,110,112,181,181,152,152,200,202,233,233,148,154,167,167,142,146
111,160,168,143,146,112,112,181,181,152,152,200,202,233,233,148,154,167,176,138,142
112,158,160,143,146,112,112,184,190,150,156,202,206,233,235,136,148,167,167,146,146
113,160,168,143,146,112,112,181,190,150,152,202,202,233,233,148,154,167,176,146,146
114,158,158,146,146,112,112,181,181,152,152,200,200,233,235,148,148,167,176,142,146
115,158,170,143,146,112,112,181,190,152,154,200,206,233,233,148,148,167,167,142,146
116,158,158,146,146,112,112,181,181,152,152,200,206,233,233,148,154,167,167,142,146
117,170,170,146,146,112,112,181,181,150,152,200,206,231,233,136,148,167,176,146,146
118,160,170,143,146,112,112,187,190,152,152,202,202,233,233,148,148,167,167,142,146
119,158,158,146,146,112,112,181,181,150,152,200,200,233,235,136,148,167,176,146,146
120,160,160,143,146,112,112,181,181,152,154,200,208,233,233,148,154,157,167,142,146
121,170,170,143,155,110,114,181,190,150,150,206,208,233,233,148,148,167,167,146,146
122,158,160,143,146,112,112,187,190,154,156,200,202,233,235,154,157,167,176,142,146
123,168,170,143,146,112,116,184,190,152,154,200,214,233,235,148,148,167,176,138,142
124,158,170,143,146,112,112,181,190,150,154,206,206,231,233,148,148,167,176,138,146
125,158,168,143,146,110,112,181,181,152,152,200,210,231,231,148,157,167,167,142,146
126,158,170,143,146,110,112,181,181,152,152,200,210,231,235,148,157,167,167,142,146
127,160,170,143,146,112,112,181,190,152,154,200,200,233,235,148,148,167,176,142,146
128,158,168,146,146,112,112,181,181,152,152,200,200,233,235,136,148,167,176,146,146
129,158,160,143,143,112,112,181,187,154,156,200,200,231,235,136,148,167,176,142,146
130,168,170,143,146,112,114,187,190,150,152,200,208,231,233,136,148,167,179,138,146
131,158,160,146,146,110,112,184,190,152,154,202,206,233,233,136,136,167,179,142,146
132,160,160,143,146,112,112,181,181,152,152,202,206,233,233,136,148,167,167,130,138
133,168,170,143,146,112,112,184,190,152,152,200,210,231,231,148,157,167,176,142,146
134,158,158,143,146,112,112,184,190,154,154,200,202,227,233,148,157,167,176,142,146
135,158,160,143,146,112,112,181,184,150,152,200,206,231,233,148,148,167,167,142,146
136,168,168,143,146,110,112,181,181,150,152,202,206,233,233,136,148,167,167,130,138
137,160,168,143,146,110,112,181,190,150,152,200,206,233,233,148,148,167,167,138,142
138,158,158,146,146,112,112,190,190,154,154,200,200,233,235,136,148,167,176,142,142
139,168,170,146,155,110,112,181,190,134,150,200,202,231,235,136,148,167,176,138,146
140,160,160,143,143,110,112,181,190,152,158,198,208,233,235,136,148,167,176,146,146
141,160,170,146,146,110,112,184,190,150,154,194,206,231,233,136,148,167,167,142,146
142,168,170,143,146,110,112,181,190,154,154,200,206,233,233,136,148,167,167,138,142
143,160,170,143,146,112,112,181,190,152,156,204,208,233,233,136,136,167,167,138,146
144,158,168,146,146,112,112,181,181,152,152,200,208,233,235,136,148,167,167,146,146
145,160,160,143,146,110,114,190,190,150,156,202,206,233,233,136,136,167,179,146,146
146,158,170,143,146,110,112,181,181,152,152,202,202,231,233,136,148,157,167,142,146
147,160,170,143,143,112,112,190,190,152,152,200,202,233,233,148,148,157,167,146,146
148,170,170,143,146,112,112,181,184,152,154,200,212,235,235,136,148,167,167,142,142
149,158,170,143,146,110,110,181,181,152,152,200,206,233,233,148,154,167,167,142,146
150,158,168,143,146,112,112,181,181,152,156,200,208,233,233,136,148,157,167,142,146
151,160,160,143,146,112,112,181,190,152,152,200,202,233,233,136,148,167,176,146,146
152,160,168,143,146,112,112,190,190,152,154,202,206,233,233,136,136,167,167,146,146
153,168,170,146,146,110,112,181,190,154,154,206,208,233,235,136,136,167,167,146,146
154,158,168,143,146,110,112,181,181,152,152,200,210,233,233,136,136,157,167,130,138
155,168,170,143,146,112,114,187,187,150,152,202,202,233,233,154,157,167,167,130,146
156,158,170,143,146,112,112,181,181,150,152,208,210,231,231,148,154,167,167,142,142
157,168,168,143,146,112,112,181,184,152,152,204,208,233,233,136,148,167,167,142,146
158,158,170,143,146,110,112,181,181,152,152,202,208,231,231,148,148,167,167,142,142
159,160,160,143,146,112,112,184,190,152,154,208,208,233,233,136,154,167,167,142,146
160,158,160,143,146,112,112,184,190,150,152,200,202,233,235,148,148,167,167,138,142
161,160,170,143,146,112,112,187,190,150,152,200,210,231,235,148,157,167,176,142,146
162,160,170,146,146,112,112,181,193,156,158,204,208,233,233,136,154,167,176,146,146
163,160,168,146,155,112,112,181,181,154,154,206,206,231,233,148,148,167,176,138,146
164,160,160,143,143,112,112,181,190,152,152,200,208,231,233,136,148,167,176,146,146
165,168,170,146,146,112,112,181,181,156,158,200,208,233,235,136,148,167,176,142,146
166,158,158,143,146,112,112,184,187,152,154,200,202,233,235,148,154,167,167,142,146
167,160,160,143,146,112,114,187,190,150,152,206,208,233,233,148,148,157,167,142,146
168,158,160,143,146,112,112,181,190,150,154,200,206,233,233,148,154,157,167,142,146
169,168,170,143,146,112,112,190,190,152,154,200,202,233,233,136,136,167,176,146,146
170,158,168,143,146,112,112,181,181,152,156,200,200,235,235,136,154,167,167,146,146
171,160,170,143,143,112,112,181,190,134,152,200,206,231,233,148,154,167,167,146,146
172,166,170,143,146,112,112,181,184,152,154,200,202,233,235,148,148,167,167,146,146
173,158,170,143,146,110,112,181,181,152,152,200,208,233,235,136,148,167,176,142,146
174,158,158,143,146,112,112,181,181,152,156,200,208,233,235,136,148,167,176,142,146
175,158,160,131,146,112,112,181,190,152,152,200,208,233,235,136,136,167,176,146,146
176,158,168,143,146,112,112,181,181,152,156,200,202,235,235,148,157,167,176,142,146
177,160,160,143,146,110,112,181,190,152,158,200,200,233,235,148,157,167,176,142,146
178,160,168,143,146,112,114,187,190,150,150,200,202,233,235,148,148,167,167,138,146
179,160,168,143,143,112,112,190,190,152,154,200,202,233,233,148,148,167,167,146,146
180,170,170,146,146,112,112,181,181,152,154,202,212,235,235,148,148,167,176,138,146
181,160,160,146,146,112,112,181,181,152,154,200,202,233,235,148,157,167,176,146,146
182,158,158,143,146,112,112,181,181,152,152,200,202,233,235,148,148,167,167,138,146
183,158,170,143,146,112,112,181,181,144,152,208,210,235,235,148,154,157,167,146,146
184,160,168,143,146,112,112,181,181,150,154,202,202,233,235,136,148,167,167,146,146
185,158,160,143,146,112,112,184,190,150,152,200,202,233,235,148,148,167,176,138,146
186,158,160,143,143,112,112,181,181,152,152,202,208,235,235,148,148,167,176,142,142
187,158,160,146,146,112,112,181,190,150,152,200,202,231,233,148,148,167,167,146,146
188,168,168,143,143,112,112,181,190,150,152,200,202,233,235,136,148,167,167,146,146
189,168,168,143,143,112,112,181,190,150,152,200,200,233,235,136,148,167,176,146,146
190,168,170,143,143,112,114,181,184,150,156,200,200,233,235,148,148,167,167,146,146
191,160,160,143,146,112,112,181,190,150,150,200,204,233,233,136,148,167,167,146,146
192,160,170,143,146,112,112,181,184,150,152,200,202,235,235,136,148,167,167,142,146
193,160,168,143,143,112,112,184,190,152,154,200,202,233,233,136,148,167,176,138,146
194,168,168,143,146,110,112,181,190,134,152,204,208,235,235,148,148,167,167,142,146
195,158,170,143,149,112,112,181,181,134,150,200,208,235,235,148,154,157,176,142,146
196,168,172,143,146,112,112,181,181,150,152,200,200,233,235,154,154,167,167,138,146
197,160,160,143,146,112,112,181,184,150,152,200,206,233,233,136,154,157,176,142,146
198,168,170,143,146,110,112,181,181,144,152,202,210,233,233,148,157,167,176,142,146
199,158,170,143,143,112,112,181,181,150,154,200,206,231,235,148,154,157,176,138,142
200,160,168,146,146,112,114,181,181,152,154,202,206,231,233,136,148,167,167,142,142
201,160,160,143,146,112,116,181,190,150,154,200,200,233,235,136,148,157,167,146,146
202,158,170,143,143,112,112,181,187,152,154,200,200,233,235,136,148,167,176,142,146
203,170,174,143,146,110,112,190,190,152,154,200,206,235,235,136,154,167,167,138,142
204,170,170,143,143,110,112,181,190,152,154,200,200,233,235,139,139,167,167,142,146
205,158,160,143,146,112,112,181,190,150,150,202,208,233,235,148,148,167,167,146,146
206,158,170,143,146,110,112,190,190,152,154,206,208,235,235,154,157,167,167,142,146
207,168,170,146,155,112,112,181,181,134,152,200,202,231,233,148,157,167,167,146,146
208,168,170,143,143,112,116,181,190,150,152,200,206,233,235,136,148,167,176,146,146
209,160,170,146,155,112,112,181,181,134,152,200,202,231,231,148,157,-9,-9,146,146
210,158,160,143,146,112,112,181,184,152,154,200,202,233,235,148,148,167,167,146,146
211,166,170,143,146,112,112,181,184,152,154,202,208,235,235,139,148,157,167,142,146
212,158,170,143,149,112,112,181,190,134,154,200,208,235,235,148,154,157,176,146,146
213,158,170,143,146,112,112,181,181,152,154,200,202,233,235,148,157,167,176,146,146
214,170,170,143,143,110,110,181,190,150,152,202,208,233,233,148,154,167,176,142,142
215,158,170,143,143,112,112,181,181,150,154,206,208,231,235,148,154,157,176,138,142
216,166,170,143,143,112,112,181,184,134,154,202,208,231,235,148,154,167,167,142,146
217,158,170,143,146,112,112,181,181,152,154,200,202,235,235,148,157,167,176,142,146
218,160,160,143,146,112,112,184,190,150,150,200,200,233,233,136,148,167,176,138,142
219,160,160,143,143,112,112,181,181,150,152,202,208,235,237,148,154,157,176,146,146
220,170,174,146,146,112,112,181,190,150,154,200,202,233,233,148,148,167,167,138,146
221,160,168,143,143,112,112,190,190,150,150,202,204,233,233,136,148,167,176,146,146
222,160,160,143,143,112,112,181,181,150,152,200,208,235,237,148,148,157,176,142,146
223,170,170,143,146,112,112,190,190,150,152,200,202,233,235,136,148,167,167,146,146
224,158,170,143,146,112,112,181,184,150,150,200,200,231,235,136,148,157,167,138,146
225,158,170,146,146,112,112,184,190,152,154,200,202,233,235,148,148,167,176,142,146
226,168,172,143,143,112,112,181,181,152,152,200,208,231,235,154,154,167,167,146,146
227,158,170,146,149,112,112,181,190,134,154,200,208,235,235,148,154,167,176,142,146
228,168,170,143,146,110,110,181,181,152,152,204,208,233,235,148,154,167,167,146,146
229,160,170,143,146,112,112,190,190,152,154,200,202,233,233,148,148,176,176,142,146
230,158,160,143,146,112,112,184,190,150,156,200,202,233,235,148,148,167,176,138,146
231,160,170,146,146,110,112,190,196,152,154,200,208,235,235,148,148,167,167,142,142
232,158,158,143,146,112,112,181,190,150,152,200,202,231,233,148,148,167,167,146,146
233,158,170,143,146,112,112,181,181,144,152,200,202,235,235,148,157,167,176,146,146
234,160,168,146,146,112,112,181,190,150,154,202,208,233,235,136,148,157,167,146,146
235,160,170,143,146,112,112,181,190,150,154,202,202,229,235,148,148,167,167,142,146
236,158,170,143,146,112,112,184,190,150,150,200,202,231,235,136,148,157,176,138,146
237,158,170,146,149,112,112,181,181,134,154,200,208,235,235,154,157,-9,-9,142,146
238,160,170,143,146,110,112,181,190,152,154,202,208,233,235,139,148,167,167,142,146
239,168,168,143,146,112,112,181,190,152,154,200,206,231,233,148,154,167,167,146,146
240,160,168,143,146,112,112,184,190,154,154,200,208,233,233,148,148,167,167,146,146
241,158,168,143,143,112,112,181,181,152,154,200,212,235,235,148,148,-9,-9,138,138
242,158,160,143,146,112,112,184,190,150,152,200,202,233,235,148,148,167,176,138,146
243,160,160,143,146,112,116,181,190,150,154,200,202,233,235,136,154,157,167,146,146
244,158,160,143,146,112,112,184,190,150,156,200,202,233,235,148,148,167,167,138,146
245,160,168,146,146,112,112,184,187,150,154,200,208,233,233,148,154,167,167,142,146
246,158,160,143,146,112,112,181,181,152,154,202,212,233,233,136,154,167,176,142,146
247,170,170,143,146,112,112,181,184,152,154,200,200,235,235,148,157,167,176,142,146
248,168,168,143,146,112,112,181,190,152,152,200,200,233,235,136,136,167,176,146,146
249,160,160,146,146,112,112,181,181,134,154,202,210,231,235,148,154,167,167,142,146
250,168,168,146,146,112,116,181,184,150,152,202,208,233,233,136,148,167,167,146,146
251,158,160,143,146,112,112,184,190,150,156,200,202,233,235,148,148,167,167,138,146
252,160,170,143,149,112,112,181,181,150,152,200,208,235,237,148,148,176,176,146,146
253,158,168,143,146,112,112,181,190,152,154,200,208,233,235,136,148,167,167,146,146
254,158,160,143,146,112,112,181,181,150,150,202,208,233,235,136,148,167,167,142,146
255,168,168,143,143,112,112,181,190,150,152,200,200,233,235,136,148,167,167,146,146
256,160,160,143,146,112,112,184,190,150,150,200,200,233,233,136,148,167,167,138,142
257,168,170,143,143,112,112,181,190,152,154,200,202,235,235,136,136,157,176,146,146
258,160,170,143,143,112,112,184,190,152,154,200,208,233,235,136,136,167,176,142,146
259,160,170,146,146,112,112,181,190,152,152,200,204,233,233,154,154,157,167,138,146
260,158,170,146,146,112,112,181,190,150,152,200,200,233,235,136,154,167,176,142,146
261,158,160,146,146,112,112,181,190,150,152,200,202,231,235,148,148,167,167,146,146
262,168,170,143,146,110,110,181,181,152,152,204,208,235,235,148,148,167,167,142,146
263,160,160,146,146,110,112,181,184,150,152,200,202,233,235,136,148,157,176,138,146
264,158,170,143,146,110,112,181,181,144,154,204,210,233,233,148,157,167,167,142,142
265,168,170,143,146,112,112,181,181,134,152,200,202,231,233,148,157,167,167,146,146
266,168,170,143,146,112,112,181,181,152,154,200,202,231,235,136,154,176,176,146,146
267,168,170,143,143,112,112,181,181,152,154,200,202,235,235,136,154,157,176,146,146
268,158,160,143,146,112,112,184,190,150,156,200,202,233,235,148,148,167,167,138,146
269,168,168,143,143,112,112,181,187,150,154,200,200,231,231,136,148,157,167,138,142
270,160,170,143,149,112,112,181,181,150,152,200,208,231,235,148,154,176,176,142,146
271,158,170,143,149,112,112,181,181,134,150,200,206,231,235,148,154,176,176,138,142
272,158,170,143,149,112,112,181,181,134,150,206,208,231,235,148,154,176,176,138,146
273,166,170,143,143,112,112,181,184,152,154,202,208,235,235,139,148,167,167,142,146
274,158,174,143,146,112,116,181,181,152,154,208,208,231,231,136,154,167,167,146,146
275,160,170,143,146,112,112,190,190,154,154,200,206,231,233,148,148,167,176,146,146
276,158,160,143,146,112,112,184,190,150,156,200,202,233,235,148,148,167,176,138,146
277,168,168,143,146,110,112,181,181,152,154,200,212,235,235,148,148,157,167,138,138
278,158,170,143,146,112,112,190,190,152,152,200,200,233,235,136,148,167,167,146,146
279,160,160,146,146,112,112,184,184,156,156,200,200,235,235,148,148,167,167,146,146
280,160,168,146,146,112,114,181,190,150,150,202,206,235,235,148,148,167,176,146,146
281,170,170,143,146,112,112,181,181,152,154,200,202,233,235,148,157,167,176,142,146
282,160,160,143,143,112,112,190,190,152,152,200,208,235,235,136,148,167,176,142,146
283,160,170,146,146,112,112,181,190,150,152,200,202,231,235,136,148,157,167,138,146
284,168,170,146,146,112,112,190,190,152,154,200,210,233,235,148,148,167,167,138,146
285,158,170,143,149,112,112,181,190,150,154,206,208,231,235,148,157,176,176,138,146
286,168,170,143,146,112,112,181,181,152,156,200,208,233,235,136,154,167,167,146,146
287,168,168,143,143,112,112,181,184,152,154,200,204,233,235,136,154,167,167,138,146
288,158,170,143,146,112,112,181,181,150,152,200,200,233,233,136,154,167,176,146,146
289,168,170,143,146,112,112,181,190,134,150,202,202,233,235,136,154,167,167,142,146
290,160,160,143,146,110,112,181,181,150,152,202,208,233,235,148,148,157,176,146,146
291,158,160,143,146,110,112,181,184,152,154,200,202,233,235,136,148,167,167,146,146
292,158,160,143,146,112,112,181,181,152,152,200,200,235,235,136,154,167,176,146,146
293,158,160,143,146,112,112,190,190,150,156,200,200,231,235,148,148,167,167,142,146
294,158,160,143,146,110,112,181,181,134,152,200,208,235,235,136,154,167,167,146,146
295,160,170,146,146,112,112,181,181,152,152,200,204,233,235,148,148,167,167,142,146
296,160,170,143,149,112,112,181,181,150,152,200,208,231,235,148,154,176,176,142,146
297,158,170,143,149,112,112,181,181,150,154,200,206,231,235,148,154,-9,-9,138,146
298,158,160,143,146,112,112,184,190,150,152,200,202,233,235,148,148,167,176,138,146
299,168,168,143,146,112,112,184,190,152,154,200,206,231,233,148,157,167,167,146,146
300,158,158,146,146,112,112,181,190,150,154,200,202,231,233,148,148,167,167,146,146
301,168,168,143,143,112,112,181,181,150,152,200,200,231,233,136,148,167,176,146,146
302,158,158,146,146,112,112,190,190,154,156,200,202,233,235,148,148,176,176,130,142
303,160,170,143,143,112,112,181,190,152,154,208,214,231,235,136,148,167,167,142,146
304,160,170,143,143,112,112,181,181,150,152,202,208,231,235,148,154,157,176,142,146
305,158,170,143,146,110,112,181,184,152,154,200,202,233,235,148,148,167,167,146,146
306,160,170,143,143,110,112,181,181,134,152,200,208,231,235,136,136,167,176,146,146
307,158,160,143,146,112,112,181,181,150,154,202,212,233,233,136,148,167,176,142,146
308,158,160,143,146,112,112,181,181,134,150,202,208,231,235,136,148,167,167,146,146
309,160,170,143,146,112,112,181,190,152,154,200,202,229,235,148,148,167,176,142,146
310,170,170,143,146,112,112,181,184,144,152,200,202,233,235,148,157,167,176,142,146
311,158,160,143,146,112,112,184,190,150,152,200,202,233,235,148,148,167,167,138,146
312,170,174,146,146,112,112,181,190,134,150,200,202,233,233,148,148,167,167,138,146
313,158,160,143,146,112,112,181,190,150,154,202,212,233,233,136,148,167,176,142,146
314,158,170,143,146,112,112,181,184,144,152,200,202,233,235,148,157,167,176,142,146
315,160,170,146,146,112,112,184,187,150,154,200,208,233,233,148,154,167,167,142,146
316,160,160,143,146,112,112,190,190,152,152,200,202,235,235,136,148,167,176,142,146
317,160,170,143,143,112,112,181,181,150,152,202,208,235,237,148,154,157,176,146,146
318,160,168,143,143,112,112,181,190,150,150,202,204,233,233,136,148,167,176,146,146
319,158,158,146,146,112,112,181,181,152,154,200,204,233,235,148,148,167,176,142,146
320,158,160,143,143,112,112,181,190,150,150,198,208,233,235,136,148,167,167,138,146
321,170,170,143,143,112,112,181,190,150,154,200,206,231,235,148,157,157,176,138,142
322,160,160,143,146,110,112,181,190,150,154,200,202,233,235,136,148,167,167,138,142
323,168,170,143,146,112,112,181,184,152,152,204,208,233,235,148,148,167,167,142,146
324,158,170,143,146,110,112,190,190,150,152,200,206,235,235,154,157,167,167,138,142
325,168,170,143,146,112,112,181,181,152,154,200,202,231,235,136,154,176,176,138,146
326,166,170,143,143,112,112,181,184,152,154,202,208,231,235,148,154,167,167,146,146
327,160,170,146,146,112,112,181,184,150,152,200,206,233,235,136,148,157,167,138,146
328,168,170,146,146,112,114,181,190,152,154,200,200,233,233,148,157,167,167,130,138
329,166,170,143,143,112,112,181,184,134,154,202,208,235,235,139,148,167,167,142,146
330,160,170,143,143,112,112,181,190,150,154,202,208,233,233,148,154,167,176,142,146
331,158,172,143,146,112,112,181,190,150,152,200,200,233,235,148,148,167,167,146,146
332,168,170,143,143,110,112,190,190,152,154,200,210,231,233,148,148,167,176,142,146
333,158,168,146,146,110,112,181,190,152,152,204,206,229,231,136,148,167,176,138,142
334,160,160,143,143,112,112,181,181,150,152,200,208,231,235,148,148,157,176,146,146
335,158,170,143,146,112,112,184,190,150,150,200,200,231,235,136,148,157,167,146,146
336,160,160,143,146,112,116,184,190,150,154,200,202,233,235,136,154,157,167,146,146
337,170,170,143,146,112,112,181,184,152,154,200,202,233,235,148,157,167,176,142,146
338,160,170,143,146,112,112,190,190,150,150,200,200,233,235,136,148,167,176,142,146
339,160,168,143,146,112,112,181,190,152,154,202,202,233,235,136,148,157,167,146,146
340,160,168,143,146,112,112,184,190,152,154,200,208,233,233,148,148,167,167,146,146
341,160,168,143,146,112,114,181,184,154,154,206,206,233,233,136,154,167,167,142,146
342,170,170,143,146,112,112,181,190,154,154,202,210,231,233,148,154,157,167,142,142
343,168,170,143,143,112,112,181,190,152,156,200,200,235,235,148,148,157,167,142,146
344,160,170,143,146,112,112,181,181,152,152,200,202,231,231,148,157,167,167,146,146
345,170,170,143,146,112,112,181,181,144,152,200,202,233,235,148,157,167,176,146,146
346,158,170,143,146,110,112,184,190,150,150,200,200,231,235,136,148,157,176,138,146
347,158,170,146,146,112,112,181,181,152,154,202,202,233,235,136,148,157,176,142,142
348,166,168,143,146,112,112,181,187,134,152,202,208,233,233,148,157,157,176,142,146
349,158,170,146,146,110,112,190,190,150,152,200,200,231,233,148,154,167,167,146,146
350,160,166,146,146,112,112,181,181,152,154,198,200,231,235,136,148,167,176,138,142
351,160,170,146,152,112,112,190,190,150,152,202,206,231,233,148,148,167,167,146,146
352,158,170,146,146,112,112,181,190,152,152,202,202,231,233,136,136,167,167,138,142
353,158,160,143,146,112,112,181,190,152,152,200,202,231,233,136,148,167,167,138,138
354,158,160,146,146,112,112,181,190,152,152,200,202,231,235,136,148,167,167,138,138
355,168,170,146,146,112,112,184,190,150,152,202,206,233,233,136,148,167,167,142,146
356,160,168,143,158,112,112,181,181,152,152,200,200,233,233,136,136,167,167,130,146
357,160,170,146,146,112,112,181,190,152,152,202,208,231,235,136,148,167,167,138,138
358,158,160,146,146,112,112,181,181,152,152,202,208,231,235,136,148,167,167,138,138
359,166,170,143,146,112,112,181,184,152,154,200,200,235,235,148,148,167,176,146,146
360,158,160,143,146,112,116,181,190,152,154,200,206,235,235,136,148,157,167,138,146
361,158,160,146,146,112,112,181,190,152,152,202,208,231,233,136,148,167,167,138,138
362,160,160,143,158,112,112,181,181,152,152,200,202,233,233,136,148,167,167,142,146
363,158,158,143,146,112,112,181,190,156,156,204,208,233,235,148,148,157,167,142,146
364,158,170,143,146,112,112,181,190,152,154,202,202,231,233,136,136,167,167,142,146
365,160,168,143,143,112,112,181,181,152,152,200,202,233,233,136,148,167,167,142,146
366,166,170,143,143,110,110,181,181,152,152,202,204,231,233,148,148,167,167,142,146
367,158,168,143,143,112,112,181,184,152,152,200,212,231,235,148,148,167,167,142,146
368,168,170,143,143,112,112,190,190,152,154,200,200,233,233,136,148,167,176,142,146
369,158,174,143,146,112,112,181,184,150,154,198,208,233,233,139,148,167,176,142,146
370,158,160,146,146,112,112,181,181,150,154,206,208,233,235,145,148,157,167,142,146
371,170,170,143,143,110,112,181,190,150,150,202,204,233,235,136,148,167,167,130,146
372,160,160,146,146,112,112,181,190,150,150,202,206,233,235,148,148,167,167,138,142
373,160,160,143,143,112,112,181,181,152,152,200,202,233,233,136,148,167,167,142,146
374,160,168,143,143,110,112,181,184,152,154,200,208,233,235,148,154,167,167,138,142
375,168,170,146,146,112,112,181,190,152,154,200,200,233,235,148,154,167,167,146,146
376,158,170,143,143,112,112,181,190,154,154,198,200,235,235,148,148,157,176,142,146
377,158,160,143,146,112,112,181,181,150,152,208,214,233,233,148,148,167,167,130,146
378,160,170,143,143,110,112,181,190,150,152,200,204,235,235,136,148,167,167,130,146
379,170,170,143,146,110,112,190,190,150,150,200,202,231,231,148,148,167,167,142,146
380,160,170,146,146,112,112,181,190,152,152,200,208,233,235,148,157,167,167,142,146
381,160,160,143,143,112,112,181,181,152,152,200,202,233,233,136,148,167,167,142,146
382,160,160,143,143,112,112,181,190,150,152,200,208,233,235,136,148,167,167,146,146
383,170,174,143,146,112,112,181,181,154,158,206,206,233,235,148,154,167,167,142,146
384,166,168,143,146,110,112,190,190,134,150,200,206,233,235,148,154,167,176,142,142
385,158,160,143,146,112,112,181,190,152,152,200,202,231,235,136,148,167,167,138,146
386,158,160,146,146,112,112,181,190,152,152,202,208,231,235,136,148,167,167,138,146
387,158,160,143,146,112,112,181,190,152,152,202,208,231,235,136,148,167,167,138,138
388,160,170,146,146,112,112,181,181,152,152,202,208,231,235,136,148,167,167,138,146
389,160,168,143,158,112,112,181,181,152,154,200,200,233,235,136,136,167,167,146,146
390,158,160,146,146,112,112,181,190,152,152,202,208,231,235,136,148,167,167,138,146
391,160,168,143,158,112,112,181,181,152,152,200,200,233,233,136,136,167,167,130,146
392,160,160,143,158,112,112,181,181,152,152,200,202,233,233,136,148,167,167,142,146
393,160,168,143,158,112,112,181,181,152,152,200,202,233,233,136,148,167,167,142,146
394,160,160,143,143,112,112,181,181,150,152,198,206,233,233,148,154,167,176,142,142
395,170,170,143,146,110,112,190,190,150,150,200,208,233,233,136,139,157,157,138,146
396,158,170,146,146,112,112,181,184,152,154,202,208,231,233,148,154,167,176,146,146
397,160,168,143,146,112,114,181,184,154,156,206,208,233,235,148,148,167,167,142,146
398,158,158,143,143,112,112,184,190,150,152,200,200,231,235,145,148,167,167,142,146
399,160,160,143,143,112,112,181,190,150,152,200,208,233,233,136,148,167,167,142,146
400,160,168,146,155,112,112,181,190,152,154,202,208,235,235,148,148,157,167,146,146
401,158,160,143,146,112,116,181,190,152,154,200,202,233,235,148,148,157,167,138,146
402,160,170,146,146,112,112,184,190,150,152,200,206,233,235,148,148,167,167,146,146
403,160,170,146,146,112,114,190,190,150,152,200,200,231,233,148,154,167,167,142,146
404,166,168,146,146,110,110,190,190,134,150,200,206,233,233,136,148,167,176,142,146
405,158,160,143,146,112,112,181,190,152,152,200,202,231,235,136,148,167,167,138,138
406,160,168,143,158,112,112,181,181,152,152,200,202,233,233,136,148,167,167,142,146
407,160,172,143,143,112,116,181,190,152,154,200,202,235,235,136,148,157,167,138,146
408,160,160,146,146,112,112,181,187,152,152,200,200,233,233,136,136,167,167,146,146
409,168,170,143,146,112,112,181,181,154,154,200,200,233,235,148,154,167,167,138,146
410,158,160,143,146,112,112,184,190,150,152,204,208,233,233,148,154,167,176,142,142
411,158,160,143,149,110,112,190,190,152,154,200,202,233,235,148,148,167,167,146,146
412,158,158,143,146,112,112,187,190,152,156,204,208,233,235,145,148,157,167,142,142
413,160,160,143,143,112,112,181,190,150,152,200,208,233,235,136,148,167,167,142,146
414,158,160,143,146,112,112,181,190,152,152,202,208,231,235,136,148,167,167,138,138
415,160,168,143,143,112,112,181,181,152,152,200,202,233,233,136,148,167,167,142,146
416,160,168,143,158,112,112,181,181,152,152,200,202,233,233,136,148,167,167,142,146
417,160,160,143,146,112,112,181,181,150,152,198,206,233,235,148,154,167,176,142,146
418,160,160,143,143,112,112,181,190,152,152,200,208,233,235,139,154,176,179,142,146
419,168,170,146,155,112,112,181,190,152,154,202,208,231,235,136,148,157,167,146,146
420,160,160,143,143,112,112,181,181,152,152,200,202,233,233,136,148,167,167,142,146
421,166,170,143,143,110,112,181,181,152,154,200,204,233,235,148,148,167,176,130,146
422,160,170,143,146,112,112,181,181,152,152,200,202,235,235,148,148,167,167,138,138
423,158,174,143,146,112,112,181,184,150,154,208,208,233,233,139,154,167,176,142,142
424,170,170,143,143,112,112,181,181,156,156,200,210,231,233,148,148,157,167,142,146
425,168,174,146,146,112,112,181,181,156,158,206,206,233,233,148,148,157,167,138,142
426,158,166,143,155,110,112,181,190,152,152,202,202,233,233,148,148,167,167,138,142
427,158,174,143,146,112,112,181,184,150,154,198,208,233,233,139,148,167,176,142,142
428,160,170,143,146,112,112,181,190,152,152,202,208,231,235,136,148,167,167,138,138
429,160,170,143,146,112,112,181,181,152,152,202,208,231,233,136,148,167,167,138,138
430,158,168,143,146,112,112,181,184,152,152,200,212,231,231,148,148,167,176,142,146
431,158,168,143,146,112,112,184,190,152,152,200,212,231,235,148,148,167,176,142,146
432,158,170,143,146,112,112,181,184,152,154,202,210,233,233,148,154,167,176,146,146
433,170,170,143,143,110,112,181,181,156,156,200,208,233,233,148,148,157,167,142,146
434,158,160,143,146,112,112,181,181,150,152,194,208,231,233,136,148,157,167,146,146
435,160,172,143,146,112,116,181,190,152,154,200,202,233,235,148,148,157,167,138,146
436,158,158,143,143,112,112,181,190,154,156,202,206,233,233,148,148,167,176,142,146
437,158,160,146,146,112,112,190,190,150,152,204,208,231,233,148,154,167,176,142,146
438,160,160,143,143,112,112,181,190,150,154,200,208,233,235,136,148,167,167,142,146
439,160,160,143,146,112,112,181,181,152,152,200,208,231,233,148,148,167,176,146,146
440,160,168,143,143,112,112,181,181,152,152,200,202,233,233,136,148,167,167,142,146
441,168,174,146,146,112,112,181,181,156,158,206,206,233,235,145,148,157,157,138,146
442,158,170,143,146,110,112,181,181,150,154,202,208,233,235,148,154,157,176,130,142
443,160,168,143,146,112,112,187,190,152,152,200,200,233,237,148,154,167,167,142,146
444,160,170,146,146,112,112,181,190,152,152,202,208,231,235,136,148,167,167,138,138
445,160,170,143,146,112,112,181,181,152,152,200,202,231,235,136,148,167,167,138,146
446,158,160,143,146,112,112,181,190,152,152,200,202,231,235,136,148,167,167,138,138
447,160,170,143,146,112,112,181,181,152,152,202,208,231,233,136,148,167,167,138,146
448,160,168,143,158,112,112,181,181,152,152,200,202,233,233,136,148,167,167,142,146
449,160,168,143,143,112,112,181,181,152,152,200,202,233,233,136,148,167,167,142,146
450,160,170,143,146,110,112,181,190,152,154,202,206,233,235,148,148,167,167,142,146
451,158,160,143,146,112,112,181,190,152,156,200,200,235,235,148,148,167,167,142,146
452,160,168,143,158,112,112,181,181,152,154,200,200,233,235,136,136,167,167,130,146
453,160,160,143,146,112,112,190,190,150,150,200,202,233,235,148,148,157,167,138,142
454,158,168,143,143,112,112,181,181,154,156,200,200,235,235,148,154,167,167,138,146
455,158,170,143,146,112,112,181,190,150,154,202,208,233,235,148,157,167,167,146,146
456,160,168,143,158,112,112,181,181,152,154,200,200,233,233,136,136,167,167,146,146
457,158,174,143,146,112,112,181,184,150,154,198,208,233,233,139,148,167,176,142,142
458,158,160,143,146,112,116,181,190,152,154,200,206,235,235,136,148,157,167,138,146
459,160,160,143,143,112,112,181,190,150,152,200,208,233,233,136,148,167,167,142,146
460,168,170,146,146,112,112,181,181,152,156,206,206,233,233,148,148,157,157,138,142
461,160,170,143,146,112,112,181,190,152,152,200,202,231,235,136,148,167,167,138,138
462,158,160,146,146,112,112,181,190,152,152,200,202,231,233,136,148,167,167,138,146
463,160,170,146,146,112,112,181,190,152,152,200,202,231,235,136,148,167,167,138,146
464,160,170,146,146,112,112,181,190,152,152,202,208,231,233,136,148,167,167,138,138
465,160,168,143,158,112,112,181,181,152,152,200,200,233,235,136,136,167,167,130,146
466,170,170,146,146,112,112,181,190,152,154,200,208,235,235,136,148,167,176,146,146
467,168,170,146,146,112,112,181,181,134,150,202,208,233,235,136,154,167,167,146,146
468,160,160,146,146,112,112,181,184,150,152,198,200,231,233,136,148,167,176,138,146
469,168,170,146,146,112,112,181,190,152,154,202,208,235,235,136,148,157,167,146,146
470,158,170,146,146,112,112,181,190,150,152,200,208,233,233,148,148,167,167,142,142
471,160,168,143,143,112,112,181,181,152,152,200,202,233,233,136,148,167,167,142,146
472,160,160,143,143,112,112,181,181,152,152,200,202,233,233,136,148,167,167,142,146
473,160,160,143,143,112,112,181,190,150,152,200,208,233,235,136,148,167,167,142,146
474,168,174,146,146,112,112,181,181,156,158,206,206,233,235,148,148,157,167,138,142
475,158,170,143,146,112,112,181,181,150,152,202,202,233,233,148,148,157,167,142,146
476,168,170,143,143,112,112,181,181,154,156,200,200,235,235,148,148,167,167,146,146
477,160,160,143,143,112,112,181,181,152,152,200,202,233,233,136,148,167,167,142,146
478,160,170,143,146,112,112,181,181,152,152,202,208,231,233,136,148,167,167,138,146
479,158,160,143,146,112,112,181,181,152,152,202,208,231,233,136,148,167,167,138,146
480,160,160,143,143,112,112,181,190,154,154,200,202,231,235,136,148,167,179,138,146
481,158,160,143,146,112,112,181,190,152,152,202,208,231,235,136,148,167,167,138,146
482,168,170,146,146,112,112,181,190,152,154,202,208,231,235,136,148,157,167,146,146
483,160,160,143,146,112,112,190,190,152,154,198,202,233,233,136,148,167,167,146,146
484,158,170,146,146,112,112,181,181,134,152,200,200,231,233,136,154,167,167,142,146
485,160,160,146,146,112,112,181,181,134,156,200,204,233,235,148,154,176,179,146,146
486,158,168,143,146,112,112,181,181,150,156,202,202,233,235,148,148,157,157,146,146
487,168,170,146,146,112,112,181,193,152,158,200,200,235,235,148,148,167,176,142,146
488,160,170,143,143,112,112,190,190,150,152,200,202,235,235,148,157,167,167,146,146
489,160,170,143,143,112,112,190,190,152,154,200,202,235,235,148,157,167,167,142,146
490,162,170,146,146,112,112,181,187,134,154,200,208,235,235,148,154,167,179,142,146
491,158,168,146,146,110,112,181,190,150,150,202,204,231,233,136,148,167,173,146,146
492,158,170,146,146,110,112,181,190,150,152,200,202,231,235,139,148,167,167,142,142
493,158,162,146,146,112,112,181,187,134,154,200,200,233,235,148,148,167,179,142,142
494,168,170,143,146,110,112,181,190,150,154,200,200,231,231,148,157,167,167,142,146
495,158,168,143,143,112,112,181,181,150,156,202,202,233,235,148,148,157,157,146,146
496,168,168,143,146,112,112,181,190,150,152,202,206,233,233,136,136,167,167,146,146
497,160,160,146,146,112,112,181,181,150,152,202,202,233,235,148,148,167,167,142,146
498,158,160,146,146,112,112,181,181,134,156,200,204,233,235,148,154,167,176,142,146
499,160,160,146,146,112,112,181,181,134,156,202,204,233,233,136,148,176,179,142,146
500,158,168,146,146,112,112,181,190,150,152,202,204,231,235,139,148,167,167,142,142
501,160,160,146,146,110,112,181,190,150,152,202,202,233,235,148,148,167,176,142,146
502,168,170,143,146,112,112,181,190,152,152,200,210,233,235,136,148,167,167,146,146
503,158,170,143,146,110,112,181,190,150,152,202,204,231,233,139,148,167,167,142,146
504,160,168,143,146,112,112,190,190,152,154,208,212,231,235,148,148,167,179,142,146
505,158,168,146,146,112,112,184,190,134,154,202,208,233,235,148,148,167,167,146,146
506,168,170,143,146,112,112,181,184,152,152,208,210,231,231,148,148,167,167,138,142
507,158,168,143,146,110,112,181,190,150,152,200,202,231,235,139,148,167,167,142,146
508,168,168,143,146,112,112,181,190,150,152,202,206,233,235,136,148,167,167,146,146
509,160,170,146,146,112,112,181,181,152,158,200,200,233,235,148,148,167,176,142,146
510,160,166,143,143,112,112,181,190,150,152,200,200,233,233,136,148,167,176,146,146
511,160,168,146,152,112,112,190,190,152,154,202,208,233,235,148,148,167,179,142,146
512,160,170,143,143,112,112,190,190,152,154,202,210,235,235,148,148,167,167,146,146
513,160,168,143,146,112,112,181,190,154,154,202,206,233,235,148,148,167,176,146,146
514,158,168,143,146,112,112,181,190,150,152,202,204,231,235,139,148,167,167,142,146
515,160,160,146,146,112,112,181,181,134,156,200,204,233,233,136,148,176,179,146,146
516,162,170,146,146,112,112,181,187,134,154,200,200,233,235,148,154,167,167,142,142
517,160,160,146,146,112,112,181,190,150,152,202,202,233,235,148,148,167,176,142,146
518,160,168,143,146,112,112,181,190,152,154,202,208,233,235,148,148,167,179,142,146
519,168,168,146,152,112,112,181,181,152,152,200,208,231,233,136,148,157,167,142,146
520,160,160,146,146,110,112,181,190,150,152,202,202,233,235,148,148,167,176,142,146
521,160,170,143,143,112,112,181,190,152,154,200,202,235,235,148,157,167,167,142,146
522,158,170,143,152,110,112,181,181,150,152,200,208,233,233,148,148,167,167,142,146
523,158,160,131,146,110,112,181,187,152,154,200,208,231,235,136,136,167,167,146,146
524,166,168,143,146,110,110,181,181,134,152,200,202,233,233,136,148,157,167,146,146
525,170,170,146,146,112,112,181,181,150,154,200,206,231,233,136,148,167,167,138,146
526,160,160,146,146,112,112,181,181,150,152,202,202,233,235,148,148,167,176,142,146
527,158,170,146,146,110,112,181,190,150,152,202,204,231,233,139,148,167,167,142,146
528,158,168,146,146,110,112,181,190,152,154,202,204,231,233,139,148,167,167,142,142
529,160,160,146,146,110,112,181,181,150,152,202,202,233,235,148,148,167,176,142,146
530,160,160,146,146,112,112,181,181,134,156,200,204,233,233,148,154,176,179,142,146
531,158,168,143,143,112,112,184,190,150,152,200,200,233,235,136,136,167,179,142,146
532,158,168,146,146,112,112,184,190,134,150,202,206,233,233,136,154,167,173,146,146
533,160,170,143,143,112,112,190,190,152,154,202,210,235,235,148,148,167,167,146,146
534,168,168,146,149,112,112,181,181,152,154,200,202,233,235,136,148,167,176,146,146
535,158,162,146,146,112,112,181,187,152,154,200,200,233,235,148,154,167,179,142,146
536,158,170,143,146,112,114,181,190,152,152,200,206,233,233,136,148,167,167,138,142
537,158,160,146,146,112,112,184,190,134,150,202,206,233,233,136,154,173,176,146,146
538,160,168,146,152,112,112,190,190,150,154,202,208,231,235,148,148,167,167,142,146
539,158,158,143,146,110,112,181,181,152,152,204,208,233,233,136,154,167,167,146,146
540,158,170,131,146,112,112,181,181,150,152,200,206,235,235,139,148,167,167,142,146
541,160,160,146,146,110,112,181,190,150,152,202,202,233,235,148,148,167,167,142,146
542,162,170,146,146,112,112,181,187,152,154,200,208,235,235,148,148,167,179,142,142
543,158,162,146,146,112,112,181,187,152,154,200,200,235,235,148,148,167,167,142,142
544,168,168,146,149,112,112,181,181,152,154,200,204,233,233,136,154,167,176,146,146
545,170,170,143,146,112,112,181,184,150,150,198,200,231,233,136,148,157,167,138,142
546,158,160,143,146,112,112,181,190,150,152,200,206,233,233,136,148,157,176,130,142
547,168,168,143,146,112,112,181,184,152,152,202,208,231,231,148,154,167,167,138,142
548,160,168,146,155,112,112,181,181,154,154,200,202,233,235,154,157,167,176,142,146
549,158,160,131,146,110,112,181,187,152,152,200,208,233,235,136,136,167,167,138,146
550,160,168,143,143,112,112,181,187,152,154,200,200,233,233,148,148,167,167,146,146
551,160,168,143,146,112,112,181,190,152,152,200,210,233,233,136,136,167,167,146,146
552,158,170,146,146,112,114,181,181,152,152,200,200,231,235,136,154,167,179,142,146
553,162,170,146,146,112,112,181,187,152,154,200,208,235,235,148,148,-9,-9,142,146
554,160,160,146,146,112,112,181,190,150,152,202,202,233,235,148,148,167,176,142,146
555,160,160,146,155,112,112,181,181,154,154,200,202,233,235,154,157,167,176,142,146
556,158,170,143,143,112,112,181,190,152,154,202,210,235,235,148,148,167,167,146,146
557,168,168,146,146,112,114,181,190,152,154,200,202,233,235,136,148,167,176,146,146
558,160,168,143,143,112,112,181,181,150,154,202,210,233,235,136,148,167,167,142,146
559,158,160,131,146,112,112,181,190,152,152,200,202,231,231,136,148,167,179,142,142
560,158,158,143,143,112,112,181,181,152,152,200,200,231,233,136,148,167,167,142,146
561,162,170,146,146,112,112,181,187,152,154,200,208,235,235,148,154,167,179,142,146
562,158,160,146,146,110,112,181,190,150,150,202,202,233,235,148,148,167,167,142,146
563,160,168,146,146,112,112,181,181,154,154,200,202,233,235,154,157,167,176,138,142
564,160,160,146,146,112,112,181,181,150,152,202,202,233,235,148,148,167,176,142,146
565,168,170,146,146,112,112,181,190,152,152,200,200,233,233,136,136,167,167,142,146
566,162,170,146,146,112,112,181,187,134,154,200,200,233,235,148,148,167,167,142,146
567,158,160,146,146,112,112,181,181,134,156,200,204,233,233,148,154,176,179,146,146
568,168,168,143,146,112,114,184,190,152,152,202,208,231,231,148,148,167,167,138,142
569,158,170,143,143,110,112,181,181,150,152,200,202,233,233,148,148,167,176,142,146
570,168,168,146,149,112,112,181,181,152,154,200,204,233,233,136,154,167,176,146,146
571,158,170,143,143,110,112,181,181,150,152,200,202,233,235,148,148,167,176,142,146
572,158,168,143,146,112,112,181,181,150,156,202,202,233,235,148,148,157,157,138,146
573,158,168,143,143,112,112,181,181,150,152,200,202,233,235,148,148,157,157,146,146
574,158,160,131,146,112,112,181,190,152,152,202,206,233,235,136,148,167,167,146,146
575,158,170,143,143,110,112,181,181,150,152,200,202,233,233,148,148,167,176,142,146
576,158,168,143,146,110,112,181,190,150,154,202,202,233,233,148,148,167,176,142,146
577,158,170,143,146,112,112,181,190,152,154,200,202,231,235,139,148,167,167,142,142
578,168,168,143,146,112,112,181,190,154,154,200,206,233,235,136,148,167,176,142,146
579,160,168,146,146,112,112,181,190,152,152,200,200,233,235,136,148,167,167,142,146
580,158,170,143,146,110,112,181,190,150,152,202,204,231,235,139,148,167,167,142,146
581,166,170,143,146,110,110,181,181,152,156,200,202,233,233,136,148,157,167,146,146
582,160,168,143,146,112,112,181,190,154,154,200,206,233,235,136,148,167,176,142,146
583,160,168,143,146,112,112,181,190,152,152,200,210,233,235,136,136,167,167,142,146
584,158,170,146,146,112,112,181,181,152,152,200,200,231,233,136,148,167,179,142,142
585,162,170,146,146,112,112,181,187,134,154,200,200,233,235,148,154,167,167,142,146
586,162,170,146,146,112,112,181,187,152,154,200,208,235,235,148,148,167,179,142,146
587,158,162,146,146,112,112,181,187,134,154,200,200,233,235,148,154,167,167,142,142
588,160,168,143,146,112,112,181,190,150,152,202,206,233,233,136,136,167,167,146,146
589,168,168,143,146,112,112,181,181,150,152,200,202,233,235,148,148,157,157,138,146
590,166,168,143,146,110,112,181,181,134,152,192,200,231,233,136,154,157,167,146,146
591,160,160,146,146,112,112,181,181,152,154,200,200,233,233,136,148,176,176,142,146
592,158,160,146,146,112,112,181,181,150,152,202,206,231,233,148,148,167,167,142,146
593,158,160,146,146,112,112,181,181,152,156,202,204,233,235,136,148,167,176,146,146
594,158,160,146,146,112,112,181,181,152,152,202,208,231,233,148,148,167,167,142,146
595,158,168,146,146,110,112,181,190,150,152,202,204,231,235,139,148,167,167,142,142
596,158,168,143,146,110,112,181,190,152,154,200,202,231,233,139,148,167,167,142,142
597,158,168,143,146,110,112,181,190,152,154,202,204,231,235,139,148,167,167,142,146
598,160,160,146,146,112,112,181,190,150,152,202,202,233,235,148,148,167,167,142,146
599,168,170,146,146,112,112,181,190,152,152,200,200,233,233,136,148,167,167,142,146
600,158,160,143,143,112,112,181,190,156,156,204,208,233,235,148,157,167,167,138,138
601,166,170,143,146,110,112,181,181,134,152,200,202,231,233,136,148,157,167,146,146
602,168,168,146,149,112,112,181,190,152,152,200,202,233,235,136,148,167,176,146,146
603,158,160,143,146,112,112,181,181,152,152,202,202,233,235,136,148,167,167,138,142
604,158,160,146,146,112,112,184,190,134,150,202,206,233,233,136,154,167,173,146,146
605,160,168,143,146,112,112,181,190,152,154,202,206,233,235,136,148,167,176,142,146
606,162,170,146,146,112,112,181,187,134,154,200,208,233,235,148,154,167,179,142,142
607,158,170,143,146,112,112,181,181,150,152,200,206,235,235,139,148,167,167,142,146
608,168,168,143,143,112,112,181,181,150,152,200,202,233,235,148,148,157,157,138,146
609,158,160,143,143,110,112,181,181,152,156,200,200,233,233,148,148,167,167,146,146
610,158,160,146,155,112,114,181,190,152,152,200,200,231,233,136,148,167,179,142,146
611,158,168,143,146,112,112,190,190,134,154,202,202,233,235,136,136,167,167,146,146
612,158,170,143,146,110,112,181,190,150,152,200,202,231,233,139,148,167,167,142,142
613,160,168,143,146,112,112,181,190,152,152,200,200,233,233,136,148,167,167,146,146
614,168,170,146,146,110,112,184,190,150,154,200,200,231,235,148,157,167,167,142,146
615,158,168,146,146,110,112,181,190,152,154,202,204,231,235,139,148,167,167,142,146
616,160,168,146,146,112,112,181,190,152,152,200,200,233,235,136,136,167,167,142,146
617,160,170,143,143,112,112,181,181,150,152,202,210,235,235,136,148,167,167,138,142
618,168,170,146,146,112,112,181,190,152,152,200,210,233,235,136,136,167,167,146,146
619,158,160,146,146,112,112,181,181,152,156,202,204,233,233,136,148,167,176,142,146
620,158,160,143,146,112,112,181,181,152,152,202,202,231,233,148,148,167,167,138,142
621,168,168,146,146,112,112,181,181,150,152,200,208,231,233,148,154,167,167,142,142
622,168,168,146,149,112,112,181,181,152,152,200,204,233,235,136,154,167,176,146,146
623,158,170,143,143,112,112,181,190,150,152,200,202,233,235,148,157,167,167,142,146
624,158,162,146,146,112,112,181,187,134,154,200,200,233,235,148,154,167,167,142,142
625,168,168,146,152,112,112,181,181,150,152,202,208,231,233,136,148,157,167,142,142
626,158,160,143,146,112,112,181,181,150,152,206,208,233,235,148,148,167,167,142,146
627,158,168,143,146,112,112,181,181,134,154,208,208,231,233,136,136,167,176,138,146
628,160,168,143,146,112,112,181,190,152,152,200,200,233,235,136,136,167,167,146,146
629,158,160,146,146,112,112,184,190,134,150,206,206,233,233,148,154,173,176,146,146
630,160,168,143,146,112,112,190,190,152,154,202,208,233,235,148,148,167,179,142,146
631,162,170,146,146,112,112,181,187,134,154,200,200,235,235,148,154,167,179,142,146
632,160,168,146,146,112,112,181,190,152,152,200,200,233,233,136,148,167,167,142,146
633,168,170,146,146,112,112,190,190,134,154,202,208,233,235,136,136,167,176,146,146
634,168,168,143,146,112,112,181,190,150,154,200,214,231,233,148,148,167,176,142,146
635,170,170,146,146,112,112,181,190,150,152,200,208,233,235,148,148,167,167,142,142
636,160,168,143,143,110,112,181,181,152,152,202,202,231,233,136,148,167,167,146,146
637,170,170,146,146,110,112,181,184,154,156,198,200,233,233,136,148,157,167,142,142
638,168,170,143,143,112,112,181,181,152,152,200,202,231,233,136,148,167,167,146,146
639,158,160,143,146,112,112,181,181,150,152,200,202,233,235,154,154,167,176,142,146
640,160,170,143,146,112,112,181,190,152,154,200,208,231,235,148,148,176,179,142,146
641,158,158,143,143,112,112,181,190,150,158,202,210,231,233,136,136,167,167,146,146
642,160,170,143,146,112,112,181,181,152,154,200,202,231,231,148,148,167,167,142,146
643,158,160,143,143,112,112,181,190,150,152,202,208,233,235,136,157,157,167,138,146
644,160,160,146,146,112,112,181,181,150,150,200,202,233,233,148,148,167,176,142,146
645,158,158,143,143,112,112,187,190,150,152,200,208,233,233,148,148,167,167,138,146
646,160,168,146,146,110,112,184,190,152,152,200,202,231,231,136,136,167,176,146,146
647,160,168,143,143,112,112,181,181,152,152,202,202,231,233,136,148,167,167,146,146
648,160,170,146,146,112,112,181,181,152,154,200,202,231,233,148,148,167,167,146,146
649,158,160,143,146,112,112,181,181,150,152,200,202,233,235,142,154,167,167,-9,-9
650,160,170,146,146,112,112,181,181,150,152,200,200,231,231,148,148,167,167,142,146
651,160,168,146,146,110,112,190,190,152,152,200,200,231,231,136,148,167,167,146,146
652,158,160,131,143,112,112,190,190,154,154,200,202,235,235,148,148,157,167,146,146
653,160,168,146,146,110,112,184,190,150,152,200,200,231,233,136,148,167,167,142,146
654,160,174,146,146,112,112,181,181,152,154,200,200,231,233,148,148,167,167,146,146
655,168,170,143,143,112,112,181,181,150,152,200,202,233,233,136,148,167,167,146,146
656,160,174,143,146,112,112,181,181,150,152,200,200,231,233,148,148,167,167,146,146
657,158,170,131,146,112,112,190,190,154,154,202,202,235,235,148,148,157,167,138,146
658,160,170,143,146,112,112,181,181,150,150,200,208,231,235,142,148,167,167,142,146
659,158,170,143,146,112,112,181,190,150,152,202,208,227,233,136,148,167,167,146,146
660,160,174,143,146,110,112,181,181,152,154,200,202,231,231,148,148,167,167,146,146
661,170,170,146,146,112,112,181,181,150,150,200,202,233,235,148,148,167,167,142,146
662,160,170,143,146,110,112,181,181,152,154,200,200,231,231,148,148,167,167,146,146
663,160,174,146,146,112,112,181,181,150,152,200,200,231,233,148,148,167,167,142,146
664,158,160,143,143,112,114,181,181,152,154,200,200,231,233,136,154,167,167,142,146
665,168,170,143,146,112,112,190,190,134,150,208,208,233,233,148,154,167,167,138,138
666,160,174,143,146,110,112,181,181,152,154,200,200,231,233,148,148,167,167,142,146
667,160,170,146,146,112,112,181,181,152,154,200,200,231,233,148,148,167,167,142,146
668,160,170,143,146,112,112,181,181,152,154,200,202,231,231,148,148,167,167,146,146
669,160,168,146,146,110,112,184,190,150,152,200,202,231,231,136,136,167,167,146,146
670,158,168,143,146,110,112,181,187,152,152,208,212,233,233,148,157,167,176,142,146
671,160,168,146,146,112,112,181,190,152,152,202,208,233,235,148,154,167,167,146,146
672,160,170,143,146,112,112,181,181,150,150,200,208,231,235,142,148,167,179,142,146
673,158,160,146,146,112,112,181,181,150,150,200,208,231,235,142,148,167,167,142,146
674,158,170,143,146,112,112,181,190,150,152,202,208,233,233,136,148,167,167,146,146
675,158,170,143,146,110,112,181,181,152,154,200,202,235,235,136,148,167,167,146,146
676,160,174,146,146,112,112,181,181,150,152,200,202,231,233,148,148,167,167,146,146
677,160,170,143,146,110,112,181,181,152,154,200,202,231,231,148,148,167,179,142,146
678,160,170,146,146,110,112,181,181,150,152,200,202,231,231,148,148,167,167,146,146
679,160,168,146,146,110,112,190,190,150,152,200,202,231,233,136,148,167,176,146,146
680,160,174,146,146,110,112,181,181,152,154,200,202,231,233,148,148,167,167,146,146
681,158,160,131,146,112,112,190,190,150,154,202,202,235,235,136,148,167,167,146,146
682,158,160,146,146,112,112,181,181,150,150,200,208,231,235,142,148,167,167,142,146
683,158,160,143,146,112,112,181,181,152,152,200,202,233,235,142,154,167,167,142,146
684,160,174,146,146,112,112,181,181,150,152,200,200,231,233,148,148,167,167,146,146
685,158,160,146,146,112,112,181,181,152,152,200,202,233,235,142,154,167,167,142,146
686,160,174,146,146,110,112,181,181,152,154,200,202,231,231,148,148,167,167,142,146
687,158,172,143,143,112,112,181,190,150,152,208,208,231,233,148,154,167,167,138,146
688,160,174,146,146,110,112,181,181,152,154,200,200,231,231,148,148,167,167,146,146
689,158,160,146,146,112,112,181,184,150,152,200,202,233,235,154,154,167,176,142,146
690,168,170,143,146,110,112,181,181,150,152,200,202,231,233,136,148,167,167,146,146
691,158,160,143,146,112,112,181,190,150,158,202,210,231,233,136,157,167,167,146,146
692,160,168,146,146,110,112,190,190,150,152,200,200,231,231,136,136,167,167,142,146
693,158,160,143,143,112,112,181,190,150,158,208,210,231,235,136,157,167,167,146,146
694,158,158,146,146,112,112,181,190,154,156,204,204,231,231,136,148,167,176,142,146
695,158,170,131,143,112,112,190,190,154,154,200,202,235,235,148,148,157,167,138,146
696,160,174,143,146,110,112,181,181,152,154,200,202,231,231,148,148,167,167,142,146
697,158,172,143,146,112,112,181,184,152,152,200,202,233,235,142,154,167,167,142,146
698,160,168,143,143,112,112,181,184,150,154,206,206,231,233,136,148,167,167,130,146
699,168,168,146,149,112,112,181,181,152,154,200,202,233,233,136,148,167,176,146,146
700,158,170,143,146,112,112,181,181,150,152,202,208,227,233,136,148,167,167,146,146
701,158,160,143,143,112,112,181,181,150,152,202,208,233,233,136,157,167,167,146,146
702,160,170,146,146,112,112,181,181,150,150,200,208,231,235,142,148,167,167,142,146
703,160,174,146,146,110,112,181,181,152,154,200,200,231,231,148,148,167,167,142,146
704,158,160,143,146,112,112,181,181,150,154,202,208,233,235,136,157,167,167,138,146
705,160,170,146,146,110,112,181,181,152,154,200,200,231,231,148,148,167,167,142,146
706,160,174,146,146,112,112,181,181,152,154,200,202,231,231,148,148,167,167,146,146
707,160,170,146,146,110,112,181,181,150,152,200,202,231,231,148,148,167,167,142,146
708,160,170,143,146,112,112,181,181,150,152,200,202,231,231,148,148,167,167,146,146
709,160,170,146,146,110,112,181,181,150,152,200,200,231,231,148,148,167,167,146,146
710,158,158,143,146,112,112,181,190,152,158,208,210,231,235,136,157,167,167,146,146
711,158,160,146,146,112,112,181,181,152,152,200,202,233,235,154,154,167,176,142,146
712,158,172,146,146,112,112,181,184,152,152,200,202,233,235,154,154,167,176,142,146
713,158,168,143,146,110,112,181,187,152,152,202,210,233,233,136,136,167,167,138,142
714,158,170,131,143,112,112,190,190,154,154,200,202,235,235,136,148,157,167,146,146
715,160,168,143,143,112,112,181,181,150,152,202,202,233,233,136,148,167,167,146,146
716,158,172,143,146,112,112,181,181,150,152,200,202,233,235,154,154,167,167,142,146
717,160,170,143,146,110,112,181,181,150,152,200,202,231,233,148,148,167,167,142,146
718,160,160,143,143,112,112,181,184,150,154,206,208,231,233,136,148,167,176,146,146
719,160,170,143,146,110,112,181,181,150,150,200,208,231,235,142,148,167,179,146,146
720,158,172,146,146,112,112,181,181,152,152,200,202,235,235,142,154,167,176,142,146
721,158,158,143,143,112,112,181,190,152,158,208,210,231,235,136,157,167,167,146,146
722,160,160,143,143,112,112,184,196,150,154,206,208,231,233,148,148,167,176,146,146
723,158,170,131,146,112,112,190,190,150,154,200,202,233,235,148,148,167,167,146,146
724,158,160,143,146,112,112,181,181,150,152,202,208,233,233,136,148,-9,-9,146,146
725,160,168,146,146,110,112,190,190,150,152,200,202,231,233,136,136,167,176,142,146
726,158,172,143,143,112,112,181,190,150,152,208,208,231,233,148,154,167,167,138,146
727,170,170,146,146,110,112,181,181,150,154,200,202,233,235,148,148,167,167,142,146
728,160,170,146,146,110,112,181,181,150,154,200,208,231,233,148,148,167,167,146,146
729,160,174,143,146,110,112,181,181,152,154,200,200,231,233,148,148,167,167,142,146
730,158,172,146,146,112,112,181,181,152,152,200,202,233,235,142,154,167,176,142,146
731,160,170,146,146,110,112,181,190,152,152,200,200,235,235,148,148,176,176,146,146
732,158,170,143,146,112,112,181,181,150,154,202,208,233,233,136,157,167,167,138,146
733,160,174,146,146,112,112,181,181,150,152,200,202,231,231,148,148,167,167,146,146
734,158,160,131,146,112,112,190,190,150,154,202,202,235,235,148,148,167,167,138,146
735,160,160,146,146,110,112,181,181,150,150,200,208,231,233,148,148,167,176,142,146
736,158,170,131,143,112,112,190,190,154,154,200,202,233,235,148,148,157,167,146,146
737,158,172,143,143,112,112,181,190,150,152,208,208,233,233,148,154,167,167,138,146
738,168,170,143,143,110,112,181,181,150,152,202,202,233,233,136,148,167,167,146,146
739,160,168,143,143,112,112,181,184,150,154,206,208,231,233,148,148,167,176,130,146
740,160,170,146,146,110,112,181,181,150,152,200,200,231,231,148,148,167,167,142,146
741,158,168,146,146,112,112,181,184,154,154,202,208,231,233,136,136,167,167,138,142
742,160,168,146,146,110,112,184,190,152,152,200,200,231,233,136,148,167,167,142,146
743,160,170,146,146,112,112,181,181,150,150,200,208,231,235,142,148,167,167,142,146
744,158,170,131,143,112,112,190,190,154,154,202,202,235,235,136,148,157,167,146,146
745,158,160,143,146,112,112,181,190,154,154,200,200,227,235,136,148,167,167,142,146
746,160,160,143,146,112,112,181,181,150,152,200,202,233,235,148,157,167,167,146,146
747,158,160,143,143,112,112,181,190,154,154,200,202,227,235,148,148,167,167,142,146
748,160,168,146,146,112,112,184,190,152,154,202,208,235,235,148,154,167,167,142,142
749,158,160,143,146,112,112,181,190,150,152,202,210,233,233,136,148,167,167,138,146
750,158,158,143,146,112,112,181,184,150,156,208,208,231,233,148,157,167,176,146,146
751,158,158,143,146,112,114,190,190,152,154,200,208,233,233,139,148,167,173,146,146
752,168,168,143,146,112,112,184,190,152,152,200,206,231,231,136,148,167,167,142,146
753,158,160,143,146,112,112,181,190,154,154,200,202,227,233,148,148,167,167,142,146
754,168,168,143,146,110,110,184,190,152,152,200,206,231,231,136,148,167,167,142,146
755,168,168,146,155,112,112,181,190,150,152,200,206,233,233,142,148,176,179,142,146
756,160,168,143,146,112,112,181,190,152,152,202,208,235,235,148,154,167,167,142,142
757,158,170,146,146,112,112,181,181,152,152,206,208,235,235,148,154,167,167,142,146
758,160,160,143,146,112,112,181,181,150,152,202,208,235,235,136,148,167,167,146,146
759,158,170,143,146,112,116,184,187,152,154,202,208,231,233,148,157,-9,176,146,146
760,158,170,146,146,112,112,181,181,152,152,200,208,235,235,148,154,167,167,142,142
761,158,158,143,143,112,112,181,190,154,154,200,202,227,235,136,148,167,167,142,146
762,158,160,146,146,112,112,181,181,150,152,200,202,233,235,136,136,167,167,146,146
763,160,168,143,146,112,112,181,181,134,154,200,206,233,233,136,136,167,167,146,146
764,158,158,143,146,112,112,181,184,150,154,198,200,235,235,136,154,167,179,142,146
765,158,158,143,143,112,112,181,190,134,154,200,202,227,235,148,148,167,167,142,146
766,158,170,146,149,112,112,190,190,152,152,200,208,233,235,136,136,167,176,146,146
767,160,160,143,146,112,112,181,181,150,150,202,202,233,235,142,148,167,167,146,146
768,158,168,143,146,112,112,181,190,150,152,208,208,233,235,136,148,167,167,146,146
769,160,160,143,146,112,112,181,181,150,154,202,208,235,235,136,148,-9,-9,146,146
770,160,160,143,146,112,112,181,184,150,152,200,204,231,233,148,148,167,176,130,146
771,160,160,143,146,112,112,181,181,150,154,200,202,235,235,148,157,157,176,146,146
772,158,158,143,146,112,112,181,181,154,154,202,202,235,235,148,148,167,167,142,142
773,158,160,143,146,112,112,181,181,150,154,200,208,231,235,136,157,157,167,142,146
774,158,170,143,149,112,112,190,190,152,152,200,208,233,235,136,136,167,167,142,146
775,158,170,146,146,110,112,181,181,150,154,200,202,233,233,142,157,167,176,146,146
776,158,170,146,149,112,112,181,190,152,154,200,208,233,235,136,136,167,167,146,146
777,160,170,143,143,112,116,181,181,152,152,200,202,231,233,136,148,167,167,146,146
778,158,160,143,146,112,112,184,190,152,152,202,210,233,235,148,154,167,167,130,142
779,158,160,143,143,112,112,181,190,150,152,200,202,233,235,148,157,167,176,138,142
780,158,160,143,146,112,112,181,190,140,150,208,208,233,235,136,154,167,167,142,146
781,160,170,143,146,112,112,181,181,152,168,202,208,233,235,136,148,167,176,146,146
782,160,166,146,146,112,112,190,190,150,154,200,208,231,233,136,148,176,176,142,142
783,158,170,146,155,112,112,181,181,152,152,200,208,233,235,148,154,167,167,142,142
784,160,170,146,146,112,112,181,181,150,154,200,202,233,233,148,148,167,176,146,146
785,168,170,143,146,112,116,181,190,150,152,200,208,233,233,142,148,176,176,-9,-9
786,158,170,146,155,112,112,181,181,152,152,200,208,235,235,148,154,167,176,142,142
787,158,170,146,146,112,112,181,181,152,152,206,208,233,235,148,154,176,179,142,146
788,158,170,143,146,112,112,181,181,152,154,200,202,235,235,136,148,167,167,146,146
789,158,170,146,149,112,112,190,190,152,154,200,208,233,235,136,136,167,176,146,146
790,158,160,143,146,112,112,184,190,152,152,202,210,233,235,154,160,176,176,-9,-9
791,168,170,143,146,112,112,190,190,152,154,200,200,233,233,136,136,167,176,130,146
792,158,170,146,146,110,112,181,181,152,154,202,208,231,235,136,157,167,167,146,146
793,158,170,146,146,112,112,181,181,152,152,200,208,233,235,148,154,157,167,142,146
794,160,160,143,143,112,112,181,181,134,152,198,202,233,235,148,157,167,167,146,146
795,160,168,143,143,112,112,181,184,150,154,200,208,231,235,136,157,157,167,142,146
796,168,170,143,146,112,112,190,190,152,154,200,202,233,233,136,136,167,167,130,146
797,160,168,143,143,112,112,181,181,150,154,200,208,231,235,136,157,167,176,142,146
798,158,170,146,155,112,112,181,181,152,152,206,208,233,235,148,154,167,167,142,146
799,158,160,143,146,110,112,181,184,152,152,200,210,235,235,148,154,167,176,130,146
800,160,160,143,146,112,112,187,190,154,154,200,200,235,235,136,148,167,167,142,146
801,166,170,143,143,112,112,181,181,150,152,202,208,233,235,136,148,167,167,138,142
802,168,168,143,146,112,112,184,190,152,152,200,208,231,233,136,148,-9,-9,138,142
803,158,170,146,146,112,112,181,181,152,152,206,208,235,235,148,154,167,167,142,142
804,158,170,146,149,112,112,181,190,152,152,200,208,233,235,136,136,167,167,146,146
805,158,158,143,146,112,112,181,190,134,154,202,202,235,235,148,148,167,167,142,146
806,160,168,131,146,110,110,181,190,150,152,200,200,233,235,136,157,167,176,142,146
807,160,160,143,146,110,110,181,190,150,154,202,202,233,233,148,148,157,167,146,146
808,158,170,146,155,112,112,181,181,152,152,200,208,233,235,148,154,167,167,142,146
809,158,158,143,143,112,112,181,187,150,156,200,202,233,235,136,154,167,167,142,146
810,170,170,143,146,112,112,184,193,150,154,194,208,233,235,148,148,167,167,142,146
811,158,170,146,146,112,112,181,181,152,152,206,208,233,235,148,154,167,167,142,146
812,160,168,143,143,112,112,181,181,154,154,206,206,231,233,136,136,167,167,146,146
813,160,168,143,146,112,116,181,184,150,154,208,208,231,233,154,157,167,176,142,146
814,158,170,146,149,112,112,181,190,152,152,200,208,233,235,136,136,157,176,146,146
815,160,170,143,143,112,114,190,190,154,154,202,214,233,235,148,157,167,167,146,146
816,160,160,143,146,112,112,181,181,150,152,200,202,233,235,148,157,167,167,146,146
817,168,168,143,146,110,110,184,190,152,152,200,206,231,233,136,148,167,176,142,146
818,160,160,143,146,112,112,184,184,150,152,200,204,231,235,148,148,167,167,146,146
819,160,170,146,146,112,112,181,190,152,152,206,208,231,233,148,154,167,167,142,142
820,160,170,143,146,112,112,181,184,150,152,200,204,231,235,148,148,167,167,130,146
821,170,170,143,146,112,112,181,190,152,154,200,208,233,235,148,148,167,167,146,146
822,160,168,143,146,112,112,181,184,150,154,200,208,231,235,136,157,157,167,142,146
823,158,160,143,146,110,112,184,190,152,152,202,210,235,235,154,160,167,176,130,146
824,160,160,146,146,112,112,181,190,150,152,200,202,233,235,136,148,157,167,138,146
825,160,170,143,146,110,112,181,190,152,168,202,208,233,235,136,148,157,167,146,146
826,158,158,143,146,112,112,181,181,154,154,200,202,227,235,148,148,167,176,142,146
827,158,168,143,146,112,112,190,190,150,152,206,208,235,235,148,148,167,167,142,146
828,158,160,146,146,112,112,181,181,150,152,202,208,235,235,136,142,167,167,146,146
829,160,170,143,146,112,112,184,184,150,152,198,200,231,233,148,148,167,167,146,146
830,160,160,143,146,112,112,187,190,154,154,200,200,235,235,136,148,167,167,142,146
831,158,160,143,146,112,112,181,190,134,154,200,202,227,233,148,148,167,176,142,146
832,158,168,143,146,112,112,181,190,150,150,206,208,235,235,136,148,167,167,146,146
833,168,170,143,146,112,116,181,190,150,152,200,208,233,233,148,148,176,176,142,146
834,160,160,143,146,112,112,181,181,150,150,200,202,233,235,136,154,167,176,142,142
835,160,170,143,146,112,112,181,190,152,152,200,202,233,235,148,154,157,167,142,146
836,158,168,143,146,112,112,184,190,152,152,200,208,231,233,136,148,167,167,142,146
837,158,170,143,149,112,112,190,190,152,152,200,208,233,235,136,136,167,167,-9,-9
838,160,170,146,146,112,112,181,190,150,150,200,202,231,233,148,148,167,167,146,146
839,160,160,143,146,112,112,187,190,154,154,200,200,235,235,136,148,167,167,142,142
840,158,160,146,146,110,112,181,181,152,156,200,202,233,233,136,148,157,176,142,146
841,160,170,143,146,112,112,181,181,150,152,202,202,233,233,148,148,167,167,146,146
842,158,160,146,146,112,112,181,181,152,152,200,202,233,235,136,136,167,167,146,146
843,158,158,143,143,112,112,181,190,134,154,200,200,227,235,136,148,167,167,142,146
844,160,168,143,143,112,112,181,181,134,154,200,206,233,233,136,148,157,176,146,146
845,158,160,143,146,112,112,181,190,134,154,200,202,227,235,148,148,167,167,142,146
846,160,160,146,146,112,112,181,181,150,154,200,202,233,235,148,154,167,167,142,142
847,158,160,143,146,112,112,181,190,154,154,200,200,227,235,136,148,167,167,142,146
848,158,160,143,146,110,112,184,190,152,152,198,206,233,235,148,148,167,167,146,146
849,158,158,143,146,112,112,181,190,134,154,200,202,227,233,136,148,167,167,142,146
850,158,160,146,146,110,110,190,190,134,150,200,202,233,233,148,148,167,167,146,146
851,158,158,143,146,112,112,181,190,154,154,200,200,227,235,148,148,167,176,142,146
852,158,158,143,146,112,112,181,190,134,154,200,202,227,233,136,148,157,167,142,146
853,158,168,143,146,112,112,181,190,150,152,208,208,235,235,136,148,157,167,142,146
854,158,160,143,146,112,112,181,181,150,154,200,208,231,235,136,157,157,167,142,146
855,158,170,146,146,112,112,181,181,152,152,200,208,233,235,148,154,167,167,142,142
856,158,170,146,146,112,112,181,181,152,152,200,208,233,235,148,154,167,167,142,142
857,160,170,146,146,112,112,181,184,152,154,202,208,231,235,148,157,167,167,142,146
858,158,160,146,146,110,112,190,190,150,154,202,202,231,233,136,148,167,167,142,146
859,158,170,146,155,112,112,181,181,152,152,206,208,235,235,148,154,167,179,142,146
860,158,170,146,146,110,112,181,181,152,154,200,202,231,235,136,157,167,167,146,146
861,158,160,143,146,112,112,181,190,150,152,200,202,233,235,148,157,167,176,138,142
862,158,170,143,146,110,112,181,181,150,150,200,202,231,233,148,148,167,167,146,146
863,158,158,143,146,112,112,184,190,154,158,206,208,233,233,148,148,167,167,146,146
864,160,170,146,146,112,112,190,190,150,152,200,202,231,233,148,157,-9,-9,142,146
865,166,170,143,146,112,112,187,190,150,150,200,202,235,235,148,154,167,176,138,146
866,160,160,146,146,112,112,184,190,152,154,208,208,233,235,136,148,157,176,142,146
867,158,160,143,143,112,112,181,181,152,152,200,208,233,235,148,148,167,167,142,142
868,160,160,143,146,112,112,181,181,152,152,202,214,233,235,148,154,157,167,142,146
869,158,160,146,146,110,112,181,184,152,154,194,208,233,233,148,154,167,167,142,146
870,158,170,146,146,112,112,190,190,150,152,200,202,233,235,136,148,167,176,146,146
871,158,160,143,143,112,112,181,190,134,152,202,202,235,235,148,148,167,167,142,142
872,160,168,143,146,112,112,181,190,134,152,200,204,235,235,148,148,167,167,146,146
873,158,158,146,146,110,112,181,187,152,152,200,202,233,233,148,148,167,167,146,146
874,158,160,143,146,112,112,181,187,150,152,200,206,231,233,148,154,167,176,142,146
875,158,168,143,143,112,112,181,181,150,150,204,208,233,233,148,148,167,167,142,146
876,160,170,143,143,110,110,181,187,150,152,200,208,231,233,148,154,167,176,146,146
877,168,170,143,146,110,114,181,190,150,154,200,210,231,235,136,148,176,176,142,146
878,170,170,146,146,110,112,181,190,154,156,200,208,233,235,136,136,167,167,142,146
879,160,160,143,143,112,112,181,190,150,150,200,202,233,233,136,154,167,176,138,142
880,158,160,143,146,110,112,181,181,152,154,200,202,235,235,136,148,176,176,146,146
881,158,158,146,146,112,112,181,190,152,154,202,210,233,233,136,148,167,176,142,146
882,158,160,146,146,112,112,181,181,150,152,200,212,231,235,148,154,176,179,142,142
883,158,168,146,146,112,112,184,187,152,154,208,208,231,235,148,148,167,167,142,146
884,158,158,146,146,112,112,181,190,152,154,200,210,233,233,136,139,167,176,142,146
885,158,170,143,146,112,112,181,190,152,152,202,202,233,233,136,148,176,176,146,146
886,158,158,146,146,112,112,181,190,152,154,200,210,233,235,136,139,167,176,142,146
887,160,160,143,143,110,112,190,190,152,154,208,208,233,235,136,154,167,167,146,146
888,160,168,143,143,110,112,181,181,150,152,200,208,231,233,136,148,157,167,142,142
889,160,160,143,146,112,112,181,181,150,154,202,208,227,231,148,148,167,167,138,142
890,158,170,143,146,112,112,181,190,152,152,200,202,231,235,136,148,157,167,142,146
891,158,158,143,143,112,112,181,190,152,152,202,202,235,235,148,148,167,167,142,142
892,168,170,143,146,110,114,181,190,150,154,198,200,231,235,136,148,167,176,142,146
893,160,170,143,146,112,112,181,190,150,150,200,202,231,233,148,148,167,167,142,146
894,158,168,143,146,112,112,181,184,150,154,200,200,231,235,148,148,167,176,146,146
895,168,170,146,146,112,112,181,184,152,156,202,202,235,235,148,154,167,167,146,146
896,168,170,143,146,112,112,181,190,150,150,198,200,231,235,148,154,167,167,142,146
897,158,160,152,155,110,112,181,190,150,152,200,202,233,233,136,148,-9,-9,142,146
898,158,158,146,146,112,112,184,190,154,154,202,206,233,235,136,154,167,167,142,146
899,158,158,143,146,112,112,181,187,152,152,202,208,233,235,136,148,167,167,146,146
900,160,168,143,146,112,112,181,190,150,154,200,200,235,235,136,136,167,167,130,142
901,158,168,143,146,110,112,181,190,152,152,202,208,233,235,136,148,167,176,142,146
902,160,168,143,146,112,112,181,190,150,152,200,200,235,235,136,136,157,167,146,146
903,160,160,143,146,112,112,181,190,152,152,200,208,235,235,148,148,167,167,146,146
904,168,170,143,146,112,112,181,181,150,150,200,200,233,235,136,136,167,167,146,146
905,160,168,146,146,112,112,181,190,150,152,200,200,233,235,136,136,167,167,146,146
906,158,168,143,146,112,112,190,190,150,152,202,206,233,235,148,154,167,167,138,142
907,158,160,143,146,112,112,181,181,152,152,202,208,233,235,136,148,167,167,146,146
908,158,168,143,146,112,112,184,190,152,152,202,208,233,233,136,148,167,176,142,146
909,160,168,146,146,112,112,181,184,152,154,202,206,231,235,148,148,167,167,-9,-9
910,158,170,146,146,112,112,181,184,150,152,200,206,233,233,136,154,157,176,142,146
911,168,170,146,146,110,112,181,190,154,156,200,200,235,235,136,136,167,167,142,146
912,160,170,143,146,112,112,184,190,152,154,200,200,233,235,148,148,167,167,146,146
913,160,168,146,155,112,112,181,190,152,152,200,208,233,233,136,148,167,176,138,142
914,168,170,143,146,112,112,181,181,150,150,200,200,233,235,136,136,167,167,138,146
915,160,170,143,143,112,116,181,190,152,152,200,208,231,233,148,148,167,167,142,146
916,170,172,143,146,112,112,190,196,154,154,200,208,231,235,136,154,167,167,146,146
917,160,170,146,146,112,112,187,190,150,150,200,200,233,235,136,148,167,167,138,142
918,160,170,146,146,110,112,181,190,152,152,202,208,231,235,136,148,157,167,142,146
919,158,170,146,146,112,112,181,190,152,152,200,202,233,235,148,148,167,176,146,146
920,160,170,146,146,112,112,181,190,150,152,202,208,233,235,136,148,157,167,146,146
921,160,170,146,152,110,112,181,181,134,152,200,208,231,233,136,148,157,167,142,142
922,158,160,143,143,112,112,181,181,152,156,202,214,231,233,136,148,167,176,142,146
923,158,170,131,146,110,112,181,181,150,152,200,204,231,231,136,136,167,167,142,146
924,168,168,143,143,112,112,181,181,152,152,202,202,233,233,136,148,167,167,146,146
925,160,166,143,143,110,112,190,190,150,150,200,208,233,235,148,148,167,167,146,146
926,160,170,143,146,112,112,190,190,150,150,200,208,231,233,148,148,167,167,142,146
927,168,170,146,146,112,112,181,190,150,150,198,202,233,235,148,148,167,176,142,146
928,170,170,143,146,110,112,181,181,154,156,200,208,233,235,136,148,167,167,142,146
929,158,160,146,146,112,112,181,193,152,152,208,208,233,233,148,148,176,176,146,146
930,158,160,146,146,112,112,181,190,152,154,200,210,233,233,136,139,167,176,142,146
931,158,158,143,143,112,112,184,196,152,152,200,202,233,233,148,148,157,167,146,146
932,168,170,143,146,110,112,181,190,154,156,200,200,233,235,136,136,167,167,142,146
933,166,170,146,146,112,112,181,190,152,152,200,202,233,233,148,148,167,167,130,142
934,160,168,146,146,112,112,181,190,150,150,200,206,233,235,136,148,167,167,138,146
935,160,170,146,146,112,112,181,190,152,154,202,206,231,233,136,148,167,167,138,146
936,158,170,146,146,112,112,184,190,152,152,202,202,233,233,139,154,157,176,138,146
937,160,160,146,146,112,112,181,181,150,152,200,202,233,235,136,148,167,167,146,146
938,160,170,143,146,110,112,181,181,152,154,200,208,233,235,148,148,167,167,146,146
939,170,170,143,146,112,112,181,190,152,152,198,200,235,235,148,154,167,167,146,146
940,160,170,146,146,112,112,181,181,154,154,206,208,233,233,148,148,157,176,142,142
941,160,160,143,146,112,112,181,190,152,152,200,208,233,235,148,148,167,167,146,146
942,158,158,143,146,110,112,181,181,152,152,200,202,235,235,136,148,167,167,146,146
943,160,170,146,146,112,112,181,190,150,150,200,208,231,233,139,154,167,167,138,142
944,158,168,143,143,112,112,181,190,152,154,200,204,231,235,148,148,167,167,146,146
945,160,168,143,143,112,112,181,190,152,154,200,208,233,235,148,148,167,167,142,142
946,160,160,146,146,112,112,181,190,152,156,200,208,233,235,148,148,167,167,146,146
947,158,158,146,146,112,112,181,190,152,154,200,210,233,235,136,139,167,176,142,146
948,158,160,143,146,112,112,181,190,150,152,202,214,233,233,136,136,157,167,146,146
949,158,170,146,152,110,112,181,181,134,156,208,208,231,233,148,148,157,167,142,146
950,160,168,143,143,110,110,181,184,152,154,200,208,231,233,136,148,157,167,142,146
951,160,170,146,146,112,112,181,181,152,152,198,200,235,235,136,148,167,167,138,142
952,160,160,143,146,112,112,181,190,152,152,202,208,233,235,148,148,167,167,146,146
953,160,170,143,143,110,110,181,181,150,152,208,212,231,231,148,157,-9,-9,146,146
954,158,160,143,155,112,112,181,187,150,152,200,206,231,231,148,148,167,167,146,146
955,160,160,146,146,110,112,181,190,154,154,200,202,235,235,148,148,167,167,142,146
956,158,160,146,146,112,112,181,190,152,154,202,202,235,235,136,148,167,176,142,146
957,158,158,143,143,112,112,181,190,134,152,202,202,235,235,148,148,167,167,142,146
958,158,158,143,143,112,112,181,190,150,154,200,204,235,235,148,148,167,167,138,146
959,158,170,146,146,110,112,181,190,152,154,200,202,233,235,148,148,157,167,142,146
960,158,174,143,146,112,112,181,190,150,152,202,202,233,235,148,148,167,176,142,146
961,170,170,143,146,112,112,184,190,152,154,200,208,233,233,148,154,157,167,138,146
962,158,170,146,146,112,112,181,190,150,152,200,208,233,235,139,157,167,176,138,138
963,158,168,143,146,110,112,184,190,152,152,202,208,233,233,148,148,167,176,142,146
964,160,160,146,152,112,112,184,190,150,150,204,204,231,235,148,154,167,167,146,146
965,160,168,143,146,112,112,190,190,150,152,202,204,233,235,148,148,167,176,142,146
966,168,170,146,146,110,112,181,190,150,154,202,208,233,235,148,148,167,167,138,146
967,160,168,146,146,112,112,187,190,152,152,200,202,235,235,136,136,167,167,146,146
968,158,158,146,146,110,116,181,181,152,154,200,206,233,235,154,154,167,167,142,146
969,158,168,143,143,112,112,181,181,154,154,202,202,233,233,136,148,167,176,142,142
970,158,158,143,146,112,112,181,193,150,150,200,208,233,233,148,148,176,176,146,146
971,158,170,146,146,112,112,190,190,152,152,202,202,233,235,148,148,167,167,146,146
972,160,170,143,146,112,112,181,181,154,156,208,208,233,233,148,148,167,167,138,146
973,160,170,143,143,112,112,190,190,152,152,200,204,233,233,136,148,167,167,142,146
974,160,160,143,143,112,112,181,190,154,154,202,202,233,233,148,148,167,167,138,146
975,160,160,143,146,112,112,181,181,150,154,200,200,233,235,136,148,167,167,138,146
976,158,160,143,146,112,112,181,190,152,152,200,206,233,233,136,136,167,167,142,146
977,158,168,143,146,112,112,181,190,150,152,200,200,235,235,148,148,167,167,142,146
978,158,158,146,146,112,112,181,190,154,154,206,206,233,235,148,154,167,167,146,146
979,158,168,143,146,112,112,181,181,152,152,202,202,233,233,148,148,167,167,146,146
980,160,160,143,146,112,112,181,190,150,152,200,208,233,233,148,154,157,167,146,146
981,160,170,143,143,112,112,181,190,152,152,200,200,233,235,148,148,157,167,142,142
982,158,170,146,146,112,112,184,184,150,152,200,206,233,233,136,148,157,176,142,146
983,158,158,143,146,112,112,181,190,152,152,200,202,235,235,148,148,157,167,142,146
984,158,170,131,143,112,112,181,190,152,154,198,200,231,233,136,148,167,167,142,142
985,158,170,146,146,110,112,181,190,152,152,202,202,233,233,139,148,157,176,138,146
986,158,170,143,146,112,112,181,190,150,152,202,214,233,233,136,136,167,176,138,142
987,158,160,143,146,112,112,181,190,150,154,202,208,233,235,136,148,167,167,146,146
988,166,168,143,146,112,112,181,190,152,152,204,208,235,235,148,148,157,167,142,146
989,158,158,146,146,112,112,181,190,152,154,202,210,233,235,136,148,167,176,142,146
990,158,168,146,146,112,112,181,190,150,154,202,208,233,235,136,148,167,167,138,146
991,158,170,146,146,112,116,190,190,154,156,202,212,233,235,148,148,157,167,138,146
992,158,170,143,146,112,112,181,181,150,150,200,202,233,233,136,148,167,167,146,146
993,160,160,143,146,112,112,181,181,154,156,200,200,231,235,148,154,167,176,142,146
994,160,170,143,146,112,112,181,190,150,152,200,202,231,235,148,154,167,179,142,142
995,168,170,146,146,110,112,181,190,154,156,200,208,235,235,136,136,167,167,142,146
996,160,168,143,143,112,112,181,190,154,154,208,208,233,235,148,148,167,167,146,146
997,160,170,146,146,112,112,181,190,150,152,200,202,231,235,148,148,176,179,142,142
998,160,160,143,146,112,112,181,190,152,156,202,208,235,235,136,148,167,167,146,146
999,160,170,131,146,112,112,181,190,150,152,198,200,231,231,136,136,167,167,142,146
1000,158,184,143,146,112,112,190,190,150,152,202,202,233,233,136,154,167,167,138,146
1001,160,168,146,146,110,112,181,181,150,154,200,208,233,233,154,154,167,167,142,146
1002,158,168,143,146,110,112,181,181,152,154,200,210,231,235,136,148,176,176,142,146
1003,158,184,143,146,112,112,181,190,150,152,202,202,233,233,136,154,167,167,138,146
1004,160,170,146,146,112,112,181,181,150,152,200,212,231,235,148,154,176,179,142,142
1005,158,168,143,143,112,112,181,190,152,154,200,204,231,235,148,148,167,167,146,146
1006,158,168,143,143,112,112,181,190,152,152,202,202,233,233,136,148,167,167,146,146
1007,168,168,146,146,112,112,181,181,152,152,208,208,233,235,136,148,167,176,146,146
1008,158,168,143,146,112,112,181,181,152,156,198,202,233,233,148,148,167,173,146,146
1009,158,160,143,146,112,112,181,187,152,154,202,208,233,235,148,148,176,176,142,146
1010,158,168,143,146,112,112,181,181,152,152,202,202,233,233,136,148,167,167,146,146
1011,158,160,143,143,112,112,181,181,154,154,200,202,235,235,136,148,167,176,146,146
1012,160,160,146,146,112,112,181,190,152,152,200,202,235,235,154,154,176,176,142,146
1013,160,168,143,143,110,112,181,181,150,152,200,208,231,233,136,148,157,167,142,146
1014,160,166,143,146,112,112,181,190,150,150,202,208,233,235,148,154,167,176,146,146
1015,160,160,143,146,112,112,181,190,150,154,200,202,233,235,148,148,167,167,142,146
1016,158,160,146,146,112,112,181,190,152,152,204,208,233,233,136,136,167,167,142,146
1017,160,166,143,146,110,112,190,190,150,152,208,208,235,235,139,148,167,167,146,146
1018,158,166,146,146,112,112,181,190,152,154,200,202,233,235,139,148,157,167,138,146
1019,160,170,143,146,112,112,181,187,152,156,200,202,233,233,148,148,157,176,138,146
1020,158,160,143,143,110,112,181,184,154,154,200,206,235,235,136,148,167,167,130,146
1021,158,160,143,146,112,112,184,190,152,154,202,208,233,235,136,148,167,176,142,146
1022,158,160,143,146,112,112,184,190,150,154,202,208,233,233,136,148,157,167,142,146
1023,160,160,143,146,112,112,181,181,152,154,208,208,233,233,148,148,167,167,138,142
1024,168,170,146,146,112,112,181,190,152,154,200,202,231,233,136,148,167,167,138,146
1025,160,170,146,146,112,112,184,190,152,154,200,200,233,235,148,148,167,176,146,146
1026,160,160,143,146,112,112,181,184,150,150,200,208,227,233,148,154,167,167,142,142
1027,160,168,146,146,112,112,181,190,150,152,204,208,235,235,148,154,157,167,142,146
1028,170,170,143,146,110,110,181,181,150,152,200,208,231,231,148,154,167,176,146,146
1029,160,160,143,146,112,112,181,181,150,150,202,208,227,233,148,148,157,167,142,142
1030,160,170,146,146,112,112,181,190,150,152,200,200,233,235,136,148,167,167,146,146
1031,158,160,152,155,110,112,181,190,150,152,200,202,229,233,136,148,167,176,142,146
1032,158,160,143,146,112,112,181,187,150,150,200,206,231,233,148,148,167,176,142,146
1033,158,170,146,146,112,112,184,190,152,152,202,202,233,233,139,154,157,176,138,146
1034,160,170,143,146,112,112,181,190,150,150,198,202,233,235,148,154,167,167,142,142
1035,158,166,143,146,112,112,181,181,150,152,200,202,233,235,148,154,167,167,146,146
1036,168,168,143,155,112,112,181,181,150,154,200,200,233,235,136,142,167,176,142,146
1037,158,168,143,143,112,112,181,190,152,154,200,206,235,235,148,148,167,167,146,146
1038,158,168,146,146,110,112,181,190,150,154,202,208,233,235,148,148,167,167,138,146
1039,168,170,143,146,112,112,181,190,150,152,200,208,233,235,148,148,167,167,138,146
1040,168,170,143,146,110,112,181,190,154,156,200,208,235,235,136,148,167,167,142,146
1041,160,170,143,146,112,112,181,181,150,152,200,212,231,235,148,154,167,179,142,142
1042,160,170,143,146,112,112,190,190,150,152,200,208,231,235,148,148,167,167,142,146
1043,158,168,143,146,112,112,181,190,152,154,200,202,233,233,148,148,176,176,146,146
1044,160,160,143,143,112,112,181,181,152,152,202,214,233,235,154,154,167,167,142,142
1045,158,170,143,146,112,112,181,190,150,150,200,200,233,233,136,148,167,167,146,146
1046,170,170,146,146,112,112,181,184,152,156,202,202,235,235,148,154,167,167,146,146
1047,158,160,146,146,112,112,181,190,150,152,200,202,231,235,148,154,176,179,142,142
1048,168,170,143,146,110,112,181,181,154,156,200,208,233,235,136,136,167,179,142,146
1049,158,168,143,146,112,112,181,181,150,150,200,202,235,235,136,148,167,176,146,146
1050,160,168,143,146,112,112,190,190,150,152,202,204,233,235,148,148,167,179,142,146
1051,160,170,143,143,110,112,190,190,152,152,200,210,233,235,136,148,167,173,142,146
1052,168,170,146,146,110,112,181,190,154,156,200,208,233,235,136,136,167,179,142,146
1053,158,160,143,143,112,112,181,181,152,154,194,200,233,235,148,148,167,179,138,142
1054,160,168,143,146,112,112,181,190,150,150,200,202,235,235,136,148,167,176,142,146
1055,160,168,143,146,112,112,181,190,134,152,200,204,235,235,148,148,167,176,146,146